accessionNumber,filingDate,reportDate,acceptanceDateTime,act,form,fileNumber,filmNumber,items,core_type,size,isXBRL,isInlineXBRL,isXBRLNumeric,primaryDocument,primaryDocDescription
0001140361-26-023907,2026-06-03,2026-05-28,2026-06-03T21:20:49.000Z,34,8-K,001-40977,261062085,"1.01,2.04",XBRL,169366,1,1,0.0,ef20075535_8k.htm,8-K
0001140361-26-023859,2026-06-03,2026-06-03,2026-06-03T19:05:41.000Z,34,8-K,001-40977,261060264,"1.02,9.01",XBRL,159835,1,1,0.0,ef20075532_8k.htm,8-K
0001140361-26-022598,2026-05-22,2026-05-20,2026-05-22T20:05:36.000Z,34,8-K,001-40977,261013691,"3.01,9.01",XBRL,165867,1,1,0.0,ef20074443_8k.htm,8-K
0001140361-26-021906,2026-05-18,2026-05-12,2026-05-18T20:30:32.000Z,34,8-K,001-40977,26994033,"1.02,9.01",XBRL,187483,1,1,0.0,ef20074086_form8k.htm,8-K
0001140361-26-018610,2026-05-01,2026-04-27,2026-05-01T21:23:22.000Z,34,8-K,001-40977,26933882,"1.01,3.02,9.01",XBRL,718739,1,1,0.0,ef20071946_8k.htm,8-K
0001140361-26-014573,2026-04-14,,2026-04-14T17:26:08.000Z,33,424B3,333-285728,26860152,,424B3,1521734,0,0,0.0,ef20070530_424b3.htm,424B3
0001140361-26-014502,2026-04-14,2026-04-13,2026-04-14T10:05:31.000Z,34,8-K,001-40977,26859081,"1.01,7.01,9.01",XBRL,2086707,1,1,0.0,ef20070306_8k.htm,8-K
0001140361-26-014267,2026-04-10,2026-04-07,2026-04-10T20:30:36.000Z,34,8-K,001-40977,26855285,"3.01,9.01",XBRL,164825,1,1,0.0,ef20070134_8k.htm,8-K
0001140361-26-010324,2026-03-19,2026-03-13,2026-03-19T11:04:36.000Z,34,8-K,001-40977,26772378,"1.01,3.02,8.01,9.01",XBRL,276905,1,1,,ef20068315_8k.htm,8-K
0001140361-26-009427,2026-03-13,2026-01-31,2026-03-13T21:29:38.000Z,34,10-Q,001-40977,26753638,,XBRL,8741316,1,1,,ef20061933_10q.htm,10-Q
0001140361-26-006731,2026-02-25,2026-02-23,2026-02-25T14:01:20.000Z,34,8-K,001-40977,26674526,"8.01,9.01",XBRL,160880,1,1,,ef20066498_8k.htm,8-K
0001140361-26-002310,2026-01-26,2026-01-26,2026-01-26T13:42:43.000Z,34,8-K,001-40977,26558538,"1.01,7.01,9.01",XBRL,324888,1,1,,ef20063892_8k.htm,8-K
0001140361-26-000180,2026-01-02,,2026-01-02T19:00:13.000Z,33,424B3,333-286070,26501728,,424B3,50199,0,0,,ef20062298_424b3.htm,424B3
0001140361-26-000176,2026-01-02,,2026-01-02T18:52:30.000Z,33,424B3,333-285728,26501688,,424B3,69743,0,0,,ef20062299_424b3.htm,424B3
0001140361-25-046827,2025-12-30,2025-12-29,2025-12-30T14:00:48.000Z,34,8-K,001-40977,251611370,"5.07,9.01",XBRL,182784,1,1,,ef20061998_8k.htm,8-K
0001140361-25-045680,2025-12-16,2025-10-31,2025-12-16T21:46:20.000Z,34,10-Q,001-40977,251576118,,XBRL,9846209,1,1,,ef20060821_10q.htm,10-Q
0001140361-25-044330,2025-12-04,2025-12-04,2025-12-04T19:52:58.000Z,34,8-K,001-40977,251549131,"8.01,9.01",XBRL,194094,1,1,,ef20060692_8k.htm,8-K
0001140361-25-044341,2025-12-04,,2025-12-04T20:41:40.000Z,33,424B3,333-285728,251549278,,424B3,54414,0,0,,ef20060694_424b3.htm,424B3
0001140361-25-044339,2025-12-04,,2025-12-04T20:35:40.000Z,33,424B3,333-286070,251549232,,424B3,74856,0,0,,ef20060693_424b3.htm,424B3
0001140361-25-044189,2025-12-03,,2025-12-03T21:17:07.000Z,33,424B3,333-286070,251546690,,424B3,1349838,0,0,,ef20060564_424b3.htm,424B3
0001140361-25-044186,2025-12-03,,2025-12-03T21:12:26.000Z,33,424B3,333-285728,251546615,,424B3,1355748,0,0,,ef20060565_424b3.htm,424B3
0001140361-25-044124,2025-12-03,2025-12-03,2025-12-03T15:16:15.000Z,34,8-K,001-40977,251545297,"1.01,7.01,8.01,9.01",XBRL,1857523,1,1,,ef20060292_8k.htm,8-K
0001140361-25-043137,2025-11-24,,2025-11-24T21:10:18.000Z,33,424B3,333-286070,251513088,,424B3,52015,0,0,,ef20059946_424b3.htm,424B3
0001140361-25-043136,2025-11-24,,2025-11-24T21:08:04.000Z,33,424B3,333-285728,251512993,,424B3,52042,0,0,,ef20059945_424b3.htm,424B3
0001140361-25-043133,2025-11-24,2025-11-18,2025-11-24T21:05:47.000Z,34,8-K,001-40977,251512947,"3.01,9.01",XBRL,162290,1,1,,ef20059942_8k.htm,8-K
0001140361-25-042722,2025-11-19,,2025-11-19T19:37:10.000Z,33,424B3,333-285728,251498422,,424B3,2376500,0,0,,ny20056475x5_424b3.htm,424B3
0001140361-25-042721,2025-11-19,,2025-11-19T19:36:05.000Z,33,424B3,333-286070,251498416,,424B3,2376577,0,0,,ny20056475x4_424b3.htm,424B3
0001140361-25-042609,2025-11-18,2025-12-29,2025-11-18T22:07:01.000Z,34,DEF 14A,001-40977,251495752,,XBRL,4676578,1,1,,ny20056475x1_def14a.htm,DEF 14A
0001140361-25-041357,2025-11-10,,2025-11-10T19:23:15.000Z,33,424B3,333-286070,251465649,,424B3,70356,0,0,,ef20058397_424b3.htm,424B3
0001140361-25-041355,2025-11-10,,2025-11-10T19:17:44.000Z,33,424B3,333-285728,251465633,,424B3,70342,0,0,,ef20058396_424b3.htm,424B3
0001140361-25-041204,2025-11-10,,2025-11-08T00:46:43.000Z,33,424B3,333-285728,251464013,,424B3,1996948,0,0,,ef20058395_424b3.htm,424B3
0001140361-25-041202,2025-11-10,,2025-11-08T00:41:14.000Z,33,424B3,333-286070,251463998,,424B3,1996975,0,0,,ef20058394_424b3.htm,424B3
0001140361-25-040617,2025-11-06,2025-07-31,2025-11-06T02:02:26.000Z,34,10-K,001-40977,251455779,,XBRL,13740636,1,1,,ef20057133_10k.htm,10-K
0001140361-25-040702,2025-11-06,2025-11-06,2025-11-06T16:49:03.000Z,34,8-K,001-40977,251456964,"8.01,9.01",XBRL,190200,1,1,,ef20058340_8k.htm,8-K
0001140361-25-040148,2025-11-03,,2025-11-03T19:05:06.000Z,33,424B3,333-286070,251443367,,424B3,44233,0,0,,ef20058169_424b3.htm,424B3
0001140361-25-040062,2025-11-03,2025-10-28,2025-11-03T11:02:32.000Z,34,8-K,001-40977,251441955,"1.01,9.01",XBRL,180207,1,1,,ef20058137_8k.htm,8-K
0001140361-25-040156,2025-11-03,,2025-11-03T19:10:21.000Z,33,424B3,333-285728,251443396,,424B3,66504,0,0,,ef20058168_424b3.htm,424B3
0001140361-25-036989,2025-10-01,,2025-10-01T20:06:18.000Z,33,424B3,333-285728,251364676,,424B3,59547,0,0,,ef20056499_424b3.htm,424B3
0001140361-25-036986,2025-10-01,,2025-10-01T20:04:29.000Z,33,424B3,333-286070,251364619,,424B3,59747,0,0,,ef20056498_424b3.htm,424B3
0001140361-25-036984,2025-10-01,2025-09-26,2025-10-01T20:02:17.000Z,34,8-K,001-40977,251364592,"5.07,5.08,9.01",XBRL,173229,1,1,,ef20056496_8k.htm,8-K
0001140361-25-032438,2025-08-25,,2025-08-25T12:43:40.000Z,33,424B3,333-286070,251248026,,424B3,51203,0,0,,ef20054411_424b3.htm,424B3
0001140361-25-032435,2025-08-25,,2025-08-25T12:38:47.000Z,33,424B3,333-285728,251248016,,424B3,51705,0,0,,ef20054410_424b3.htm,424B3
0001140361-25-032432,2025-08-25,2025-08-22,2025-08-25T12:30:34.000Z,34,8-K,001-40977,251247991,"8.01,9.01",XBRL,160885,1,1,,ef20054409_8k.htm,8-K
0001140361-25-032386,2025-08-22,,2025-08-22T21:13:28.000Z,33,S-1,333-289815,251247155,,XBRL,23925649,1,1,,ny20052991_s1.htm,S-1
0001140361-25-032358,2025-08-22,2025-09-26,2025-08-22T20:54:35.000Z,34,DEF 14A,001-40977,251246972,,DEF 14A,345940,0,0,,ny20052745x2_def14a.htm,DEF 14A
0001140361-25-032203,2025-08-21,,2025-08-21T20:14:13.000Z,33,424B3,333-285728,251240926,,424B3,75873,0,0,,ef20054293_424b3.htm,PROSPECTUS SUPPLEMENT
0001140361-25-032202,2025-08-21,,2025-08-21T20:13:02.000Z,33,424B3,333-286070,251240905,,424B3,73959,0,0,,ef20054295_424b3.htm,424B3
0001140361-25-032197,2025-08-21,2025-08-15,2025-08-21T20:05:55.000Z,34,8-K,001-40977,251240778,"1.01,3.01,9.01",XBRL,195455,1,1,,ef20054292_8k.htm,8-K
0001140361-25-029648,2025-08-07,,2025-08-07T21:06:55.000Z,33,424B3,333-286070,251195240,,424B3,93880,0,0,,ef20053488_424b3.htm,PROSPECTUS SUPPLEMENT
0001140361-25-029645,2025-08-07,2025-08-06,2025-08-07T21:04:35.000Z,34,8-K,001-40977,251195213,"3.03,5.03,7.01,9.01",XBRL,224223,1,1,,ef20053377_8k.htm,8-K
0001140361-25-029650,2025-08-07,,2025-08-07T21:08:39.000Z,33,424B3,333-285728,251195262,,424B3,72335,0,0,,ef20053489_424b3.htm,PROSPECTUS SUPPLEMENT
0001140361-25-029139,2025-08-06,2025-08-05,2025-08-06T20:36:52.000Z,34,PRE 14A,001-40977,251190223,,PRE 14A,304652,0,0,,ny20052745x1_pre14a.htm,PRE 14A
0001140361-25-028640,2025-08-04,,2025-08-04T20:51:20.000Z,33,424B3,333-285728,251181159,,424B3,57018,0,0,,ef20053174_424b3.htm,PROSPECTUS SUPPLEMENT
0001140361-25-028634,2025-08-04,,2025-08-04T20:46:30.000Z,33,424B3,333-286070,251181074,,424B3,78608,0,0,,ef20053172_424b3.htm,424B3
0001140361-25-028629,2025-08-04,2025-08-04,2025-08-04T20:42:53.000Z,34,8-K,001-40977,251181012,"1.01,9.01",XBRL,194141,1,1,,ef20053171_8k.htm,8-K
0001140361-25-028402,2025-08-01,,2025-08-01T20:32:57.000Z,33,424B3,333-285728,251176663,,424B3,55076,0,0,,ef20053051_424b3.htm,PROSPECTUS SUPPLEMENT
0001140361-25-028401,2025-08-01,,2025-08-01T20:31:56.000Z,33,424B3,333-286070,251176653,,424B3,53686,0,0,,ef20053052_424b3.htm,PROSPECTUS SUPPLEMENT
0001140361-25-028399,2025-08-01,2025-07-28,2025-08-01T20:31:11.000Z,34,8-K,001-40977,251176637,"5.07,9.01",XBRL,166243,1,1,,ef20053053_8k.htm,8-K
0001140361-25-026750,2025-07-22,2025-07-18,2025-07-22T20:32:02.000Z,34,8-K,001-40977,251140640,"1.01,2.03,3.02,7.01,8.01,9.01",XBRL,1059155,1,1,,ef20052327_8k.htm,8-K
0001140361-25-026764,2025-07-22,,2025-07-22T20:54:03.000Z,33,424B3,333-285728,251140822,,424B3,730855,0,0,,ef20052401_424b3.htm,PROSPECTUS SUPPLEMENT
0001140361-25-026762,2025-07-22,,2025-07-22T20:51:07.000Z,33,424B3,333-286070,251140801,,424B3,731212,0,0,,ef20052400_424b3.htm,PROSPECTUS SUPPLEMENT NO. 2
0001140361-25-025668,2025-07-11,,2025-07-11T20:31:00.000Z,33,424B3,333-286070,251119339,,424B3,4287796,0,0,,ny20045125x7_424b3.htm,424B3
0001140361-25-024209,2025-06-30,2025-07-28,2025-06-30T21:00:24.000Z,34,DEF 14A,001-40977,251092927,,DEF 14A,263425,0,0,,ny20050758x2_def14a.htm,DEF 14A
0001140361-25-023599,2025-06-25,,2025-06-25T17:45:36.000Z,33,424B3,333-285728,251072840,,424B3,1401269,0,0,,ef20051074_424b3.htm,PROSPECTUS SUPPLEMENT
0001140361-25-023390,2025-06-23,2025-04-30,2025-06-23T21:22:37.000Z,34,10-Q,001-40977,251065934,,XBRL,9977432,1,1,,ef20050848_10q.htm,10-Q
0001140361-25-023086,2025-06-20,2025-06-20,2025-06-20T15:21:06.000Z,34,8-K,001-40977,251059699,"8.01,9.01",XBRL,184016,1,1,,ef20050801_8k.htm,8-K
0001140361-25-022853,2025-06-17,2025-07-28,2025-06-17T21:23:42.000Z,34,PRE 14A,001-40977,251054389,,PRE 14A,241119,0,0,,ef20050738_formpre14a.htm,PRE 14A
