Date,Adj Close,Close,Dividends,High,Low,Open,Stock Splits,Volume
2023-05-23,10.859000205993652,10.859000205993652,0.0,28.5,10.859000205993652,28.450000762939453,0.0,24200
2023-05-24,21.969999313354492,21.969999313354492,0.0,26.0,12.640000343322754,17.81999969482422,0.0,194900
2023-05-25,14.491999626159668,14.491999626159668,0.0,22.485000610351562,13.460000038146973,18.6200008392334,0.0,91700
2023-05-26,14.730999946594238,14.730999946594238,0.0,16.59000015258789,14.390000343322754,14.579999923706055,0.0,26500
2023-05-30,14.835000038146973,14.835000038146973,0.0,15.949999809265137,13.104000091552734,14.859999656677246,0.0,47600
2023-05-31,12.0,12.0,0.0,13.329999923706055,10.789999961853027,13.09000015258789,0.0,39500
2023-06-01,12.180000305175781,12.180000305175781,0.0,16.5,11.260000228881836,12.010000228881836,0.0,69400
2023-06-02,12.329999923706055,12.329999923706055,0.0,14.0,11.640000343322754,11.640000343322754,0.0,15600
2023-06-05,10.800000190734863,10.800000190734863,0.0,15.0,10.050000190734863,12.5,0.0,75000
2023-06-06,10.399999618530273,10.399999618530273,0.0,11.609999656677246,9.899999618530273,11.0,0.0,28700
2023-06-07,9.949999809265137,9.949999809265137,0.0,11.350000381469727,9.949999809265137,10.399999618530273,0.0,26200
2023-06-08,9.930000305175781,9.930000305175781,0.0,10.470000267028809,9.399999618530273,10.229999542236328,0.0,26400
2023-06-09,9.920000076293945,9.920000076293945,0.0,9.970000267028809,9.25,9.970000267028809,0.0,10900
2023-06-12,9.800000190734863,9.800000190734863,0.0,10.399999618530273,9.520000457763672,9.59000015258789,0.0,23200
2023-06-13,10.449999809265137,10.449999809265137,0.0,11.239999771118164,9.600000381469727,10.149999618530273,0.0,19200
2023-06-14,17.729999542236328,17.729999542236328,0.0,26.420000076293945,10.84000015258789,11.050000190734863,0.0,2199600
2023-06-15,16.389999389648438,16.389999389648438,0.0,19.93000030517578,15.100000381469727,17.059999465942383,0.0,159500
2023-06-16,17.75,17.75,0.0,18.743000030517578,16.100000381469727,18.43000030517578,0.0,95000
2023-06-20,16.81999969482422,16.81999969482422,0.0,19.25,16.81999969482422,18.81999969482422,0.0,144000
2023-06-21,15.649999618530273,15.649999618530273,0.0,16.940000534057617,14.826000213623047,16.0,0.0,67800
2023-06-22,16.829999923706055,16.829999923706055,0.0,17.799999237060547,15.3100004196167,16.0,0.0,41200
2023-06-23,16.049999237060547,16.049999237060547,0.0,17.399999618530273,15.819999694824219,16.690000534057617,0.0,22400
2023-06-26,14.729999542236328,14.729999542236328,0.0,16.0,13.597000122070312,15.210000038146973,0.0,32800
2023-06-27,15.520000457763672,15.520000457763672,0.0,16.799999237060547,15.510000228881836,15.6899995803833,0.0,15300
2023-06-28,15.649999618530273,15.649999618530273,0.0,16.420000076293945,15.020000457763672,15.260000228881836,0.0,12000
2023-06-29,15.229999542236328,15.229999542236328,0.0,15.649999618530273,14.699999809265137,15.600000381469727,0.0,12300
2023-06-30,14.920000076293945,14.920000076293945,0.0,15.449999809265137,14.75,15.020000457763672,0.0,5200
2023-07-03,14.649999618530273,14.649999618530273,0.0,15.204999923706055,14.430000305175781,14.899999618530273,0.0,7900
2023-07-05,14.100000381469727,14.100000381469727,0.0,15.25,13.800000190734863,15.100000381469727,0.0,20000
2023-07-06,12.1899995803833,12.1899995803833,0.0,14.399999618530273,11.149999618530273,13.59000015258789,0.0,22900
2023-07-07,12.170000076293945,12.170000076293945,0.0,13.670000076293945,12.0,12.0,0.0,14000
2023-07-10,12.119999885559082,12.119999885559082,0.0,12.574999809265137,11.520000457763672,12.079999923706055,0.0,8300
2023-07-11,11.420000076293945,11.420000076293945,0.0,12.25,11.199999809265137,12.25,0.0,12700
2023-07-12,11.220000267028809,11.220000267028809,0.0,12.260000228881836,10.5,11.5,0.0,67600
2023-07-13,11.510000228881836,11.510000228881836,0.0,12.460000038146973,10.069999694824219,11.199999809265137,0.0,66700
2023-07-14,11.119999885559082,11.119999885559082,0.0,11.989999771118164,10.65999984741211,11.5,0.0,19000
2023-07-17,11.100000381469727,11.100000381469727,0.0,12.380000114440918,11.0,12.0,0.0,14800
2023-07-18,11.5,11.5,0.0,12.0,11.119999885559082,11.329999923706055,0.0,8300
2023-07-19,12.149999618530273,12.149999618530273,0.0,12.899999618530273,11.25,11.25,0.0,17000
2023-07-20,12.199999809265137,12.199999809265137,0.0,12.699999809265137,11.680000305175781,11.680000305175781,0.0,8000
2023-07-21,12.300000190734863,12.300000190734863,0.0,12.920000076293945,11.279999732971191,12.399999618530273,0.0,19100
2023-07-24,11.5,11.5,0.0,12.630000114440918,10.800000190734863,12.119999885559082,0.0,37900
2023-07-25,10.300000190734863,10.300000190734863,0.0,12.430000305175781,10.109999656677246,11.109999656677246,0.0,23600
2023-07-26,10.59000015258789,10.59000015258789,0.0,11.100000381469727,9.739999771118164,9.739999771118164,0.0,49200
2023-07-27,10.399999618530273,10.399999618530273,0.0,11.404000282287598,10.093999862670898,10.680000305175781,0.0,11900
2023-07-28,10.276000022888184,10.276000022888184,0.0,10.699999809265137,10.131999969482422,10.555000305175781,0.0,5600
2023-07-31,11.130000114440918,11.130000114440918,0.0,11.170000076293945,10.100000381469727,10.100000381469727,0.0,12800
2023-08-01,10.84000015258789,10.84000015258789,0.0,10.975000381469727,10.475000381469727,10.850000381469727,0.0,8500
2023-08-02,12.0,12.0,0.0,12.199999809265137,10.5,10.920000076293945,0.0,16000
2023-08-03,11.649999618530273,11.649999618530273,0.0,11.800000190734863,11.262999534606934,11.262999534606934,0.0,3800
2023-08-04,11.0600004196167,11.0600004196167,0.0,11.649999618530273,11.029999732971191,11.649999618530273,0.0,9500
2023-08-07,10.760000228881836,10.760000228881836,0.0,11.25,10.760000228881836,11.1899995803833,0.0,2800
2023-08-08,11.109999656677246,11.109999656677246,0.0,11.65999984741211,10.090999603271484,10.199999809265137,0.0,17400
2023-08-09,10.399999618530273,10.399999618530273,0.0,10.949999809265137,10.399999618530273,10.600000381469727,0.0,11400
2023-08-10,9.385000228881836,9.385000228881836,0.0,10.380000114440918,9.270000457763672,10.239999771118164,0.0,25200
2023-08-11,10.09000015258789,10.09000015258789,0.0,10.1899995803833,9.289999961853027,10.0,0.0,9500
2023-08-14,9.359999656677246,9.359999656677246,0.0,10.25,9.354999542236328,9.75,0.0,10600
2023-08-15,9.180000305175781,9.180000305175781,0.0,9.5,8.0,9.5,0.0,28500
2023-08-16,8.34000015258789,8.34000015258789,0.0,9.199999809265137,8.178000450134277,9.100000381469727,0.0,10300
2023-08-17,7.25,7.25,0.0,8.449999809265137,6.739999771118164,8.09000015258789,0.0,22000
2023-08-18,7.639999866485596,7.639999866485596,0.0,7.639999866485596,7.0,7.2210001945495605,0.0,15700
2023-08-21,6.559999942779541,6.559999942779541,0.0,7.699999809265137,6.559999942779541,7.690000057220459,0.0,22600
2023-08-22,5.769999980926514,5.769999980926514,0.0,6.692999839782715,5.5,6.599999904632568,0.0,35500
2023-08-23,5.460000038146973,5.460000038146973,0.0,6.0,5.460000038146973,6.0,0.0,16300
2023-08-24,5.800000190734863,5.800000190734863,0.0,6.010000228881836,5.409999847412109,5.599999904632568,0.0,23600
2023-08-25,6.25,6.25,0.0,6.385000228881836,5.559999942779541,5.559999942779541,0.0,19500
2023-08-28,5.860000133514404,5.860000133514404,0.0,6.25,5.630000114440918,6.0,0.0,41100
2023-08-29,6.269999980926514,6.269999980926514,0.0,6.699999809265137,5.550000190734863,5.900000095367432,0.0,21100
2023-08-30,5.320000171661377,5.320000171661377,0.0,6.079999923706055,5.0,6.079999923706055,0.0,50100
2023-08-31,5.730000019073486,5.730000019073486,0.0,5.800000190734863,5.019999980926514,5.349999904632568,0.0,27900
2023-09-01,5.650000095367432,5.650000095367432,0.0,5.800000190734863,5.309999942779541,5.550000190734863,0.0,4800
2023-09-05,5.230000019073486,5.230000019073486,0.0,5.800000190734863,5.210000038146973,5.210000038146973,0.0,11000
2023-09-06,5.199999809265137,5.199999809265137,0.0,5.581999778747559,5.190000057220459,5.581999778747559,0.0,6900
2023-09-07,5.099999904632568,5.099999904632568,0.0,5.199999809265137,4.929999828338623,4.940000057220459,0.0,5400
2023-09-08,4.78000020980835,4.78000020980835,0.0,5.199999809265137,4.78000020980835,5.190000057220459,0.0,7100
2023-09-11,4.800000190734863,4.800000190734863,0.0,5.0,4.300000190734863,5.0,0.0,17300
2023-09-12,4.050000190734863,4.050000190734863,0.0,4.659999847412109,4.010000228881836,4.659999847412109,0.0,22900
2023-09-13,3.869999885559082,3.869999885559082,0.0,4.241000175476074,3.869999885559082,4.099999904632568,0.0,6200
2023-09-14,3.5999999046325684,3.5999999046325684,0.0,3.8399999141693115,3.4100000858306885,3.7100000381469727,0.0,32300
2023-09-15,3.2100000381469727,3.2100000381469727,0.0,3.6500000953674316,3.049999952316284,3.5199999809265137,0.0,19700
2023-09-18,3.049999952316284,3.049999952316284,0.0,3.390000104904175,3.049999952316284,3.3499999046325684,0.0,12300
2023-09-19,2.9000000953674316,2.9000000953674316,0.0,3.1600000858306885,2.75,2.8399999141693115,0.0,35600
2023-09-20,2.7799999713897705,2.7799999713897705,0.0,3.1010000705718994,2.7799999713897705,2.950000047683716,0.0,12400
2023-09-21,2.569999933242798,2.569999933242798,0.0,2.944999933242798,2.569999933242798,2.75,0.0,31800
2023-09-22,2.190000057220459,2.190000057220459,0.0,2.9089999198913574,2.1610000133514404,2.6500000953674316,0.0,33200
2023-09-25,2.059999942779541,2.059999942779541,0.0,2.25,2.0,2.0999999046325684,0.0,30600
2023-09-26,2.0999999046325684,2.0999999046325684,0.0,2.369999885559082,1.899999976158142,1.899999976158142,0.0,40000
2023-09-27,2.0,2.0,0.0,2.200000047683716,2.0,2.1410000324249268,0.0,20600
2023-09-28,2.0799999237060547,2.0799999237060547,0.0,2.4000000953674316,1.9900000095367432,2.059999942779541,0.0,96500
2023-09-29,2.009999990463257,2.009999990463257,0.0,2.1500000953674316,1.9500000476837158,2.0199999809265137,0.0,33900
2023-10-02,1.8799999952316284,1.8799999952316284,0.0,2.0999999046325684,1.8799999952316284,2.009999990463257,0.0,22900
2023-10-03,1.659999966621399,1.659999966621399,0.0,1.899999976158142,1.6399999856948853,1.7799999713897705,0.0,62400
2023-10-04,1.6200000047683716,1.6200000047683716,0.0,1.7100000381469727,1.5499999523162842,1.659999966621399,0.0,15600
2023-10-05,1.6100000143051147,1.6100000143051147,0.0,1.75,1.5399999618530273,1.75,0.0,33200
2023-10-06,1.6699999570846558,1.6699999570846558,0.0,1.690000057220459,1.5499999523162842,1.6180000305175781,0.0,16900
2023-10-09,1.9600000381469727,1.9600000381469727,0.0,2.0,1.600000023841858,1.600000023841858,0.0,60400
2023-10-10,1.9019999504089355,1.9019999504089355,0.0,2.140000104904175,1.8600000143051147,2.140000104904175,0.0,68800
2023-10-11,1.690000057220459,1.690000057220459,0.0,1.9299999475479126,1.659999966621399,1.899999976158142,0.0,72400
2023-10-12,1.4500000476837158,1.4500000476837158,0.0,1.7200000286102295,1.4199999570846558,1.659999966621399,0.0,62300
2023-10-13,1.5,1.5,0.0,1.6699999570846558,1.4199999570846558,1.5499999523162842,0.0,59600
2023-10-16,1.4010000228881836,1.4010000228881836,0.0,1.600000023841858,1.399999976158142,1.5,0.0,36400
2023-10-17,1.4800000190734863,1.4800000190734863,0.0,1.7899999618530273,1.350000023841858,1.399999976158142,0.0,37000
2023-10-18,1.4800000190734863,1.4800000190734863,0.0,1.600000023841858,1.3799999952316284,1.5,0.0,12000
2023-10-19,1.4600000381469727,1.4600000381469727,0.0,1.5,1.3580000400543213,1.399999976158142,0.0,16700
2023-10-20,1.4199999570846558,1.4199999570846558,0.0,1.440000057220459,1.350000023841858,1.3799999952316284,0.0,18000
2023-10-23,1.3949999809265137,1.3949999809265137,0.0,1.4800000190734863,1.2000000476837158,1.4800000190734863,0.0,18300
2023-10-24,1.399999976158142,1.399999976158142,0.0,1.4429999589920044,1.2999999523162842,1.399999976158142,0.0,22700
2023-10-25,1.3700000047683716,1.3700000047683716,0.0,1.4500000476837158,1.3200000524520874,1.3200000524520874,0.0,13400
2023-10-26,1.3799999952316284,1.3799999952316284,0.0,1.5,1.3799999952316284,1.5,0.0,5600
2023-10-27,1.4079999923706055,1.4079999923706055,0.0,1.4490000009536743,1.3300000429153442,1.440000057220459,0.0,9200
2023-10-30,1.4500000476837158,1.4500000476837158,0.0,1.6799999475479126,1.3799999952316284,1.6799999475479126,0.0,18100
2023-10-31,1.444000005722046,1.444000005722046,0.0,1.4700000286102295,1.3799999952316284,1.4500000476837158,0.0,3800
2023-11-01,1.5,1.5,0.0,1.5800000429153442,1.4539999961853027,1.4600000381469727,0.0,4300
2023-11-02,1.5499999523162842,1.5499999523162842,0.0,1.600000023841858,1.4930000305175781,1.5,0.0,17600
2023-11-03,1.5,1.5,0.0,1.6399999856948853,1.5,1.600000023841858,0.0,57800
2023-11-06,1.4780000448226929,1.4780000448226929,0.0,1.559999942779541,1.409999966621399,1.5,0.0,30000
2023-11-07,1.4739999771118164,1.4739999771118164,0.0,1.5,1.409999966621399,1.4900000095367432,0.0,5600
2023-11-08,1.3949999809265137,1.3949999809265137,0.0,1.4900000095367432,1.350000023841858,1.409999966621399,0.0,32000
2023-11-09,1.2899999618530273,1.2899999618530273,0.0,1.4199999570846558,1.2699999809265137,1.3600000143051147,0.0,17000
2023-11-10,1.2599999904632568,1.2599999904632568,0.0,1.3309999704360962,1.2000000476837158,1.3309999704360962,0.0,15200
2023-11-13,1.2209999561309814,1.2209999561309814,0.0,1.3200000524520874,1.2000000476837158,1.25,0.0,18900
2023-11-14,1.2699999809265137,1.2699999809265137,0.0,1.3300000429153442,1.2000000476837158,1.2000000476837158,0.0,20300
2023-11-15,1.2979999780654907,1.2979999780654907,0.0,1.399999976158142,1.25,1.25,0.0,43700
2023-11-16,1.190000057220459,1.190000057220459,0.0,1.350000023841858,1.1699999570846558,1.350000023841858,0.0,36300
2023-11-17,1.190000057220459,1.190000057220459,0.0,1.4199999570846558,1.090000033378601,1.399999976158142,0.0,3539900
2023-11-20,1.1399999856948853,1.1399999856948853,0.0,1.25,1.0,1.0800000429153442,0.0,449500
2023-11-21,1.0700000524520874,1.0700000524520874,0.0,1.1399999856948853,1.0,1.1399999856948853,0.0,187300
2023-11-22,1.059999942779541,1.059999942779541,0.0,1.1200000047683716,1.0199999809265137,1.0700000524520874,0.0,236400
2023-11-24,1.0499999523162842,1.0499999523162842,0.0,1.100000023841858,1.0099999904632568,1.0399999618530273,0.0,61600
2023-11-27,1.0399999618530273,1.0399999618530273,0.0,1.100000023841858,1.0299999713897705,1.090000033378601,0.0,98900
2023-11-28,1.0700000524520874,1.0700000524520874,0.0,1.090000033378601,1.0299999713897705,1.0700000524520874,0.0,83000
2023-11-29,1.2380000352859497,1.2380000352859497,0.0,1.2699999809265137,1.0549999475479126,1.1200000047683716,0.0,664900
2023-11-30,1.0499999523162842,1.0499999523162842,0.0,1.25,0.968999981880188,1.190000057220459,0.0,370600
2023-12-01,1.0299999713897705,1.0299999713897705,0.0,1.1299999952316284,1.0099999904632568,1.0700000524520874,0.0,96600
2023-12-04,1.0199999809265137,1.0199999809265137,0.0,1.0800000429153442,0.9800000190734863,1.0800000429153442,0.0,143400
2023-12-05,0.972000002861023,0.972000002861023,0.0,1.0499999523162842,0.9599999785423279,1.0,0.0,117800
2023-12-06,0.9330000281333923,0.9330000281333923,0.0,1.0420000553131104,0.9100000262260437,0.9800000190734863,0.0,133300
2023-12-07,1.0800000429153442,1.0800000429153442,0.0,1.2799999713897705,0.9200000166893005,0.9570000171661377,0.0,959800
2023-12-08,1.0099999904632568,1.0099999904632568,0.0,1.1299999952316284,0.9800000190734863,1.100000023841858,0.0,311800
2023-12-11,1.059999942779541,1.059999942779541,0.0,1.1299999952316284,1.0199999809265137,1.1299999952316284,0.0,128600
2023-12-12,0.9900000095367432,0.9900000095367432,0.0,1.100000023841858,0.9900000095367432,1.0499999523162842,0.0,64700
2023-12-13,1.0499999523162842,1.0499999523162842,0.0,1.1799999475479126,1.0199999809265137,1.090000033378601,0.0,367700
2023-12-14,1.059999942779541,1.059999942779541,0.0,1.1399999856948853,1.0299999713897705,1.0399999618530273,0.0,106900
2023-12-15,1.090000033378601,1.090000033378601,0.0,1.1299999952316284,1.0399999618530273,1.0399999618530273,0.0,81500
2023-12-18,1.0499999523162842,1.0499999523162842,0.0,1.100000023841858,1.0499999523162842,1.0700000524520874,0.0,68300
2023-12-19,1.0399999618530273,1.0399999618530273,0.0,1.1019999980926514,1.0,1.090000033378601,0.0,189200
2023-12-20,1.0820000171661377,1.0820000171661377,0.0,1.2000000476837158,1.0199999809265137,1.0399999618530273,0.0,428700
2023-12-21,1.0800000429153442,1.0800000429153442,0.0,1.159999966621399,1.0499999523162842,1.0800000429153442,0.0,115100
2023-12-22,1.149999976158142,1.149999976158142,0.0,1.190000057220459,1.0499999523162842,1.1080000400543213,0.0,218900
2023-12-26,1.1200000047683716,1.1200000047683716,0.0,1.1799999475479126,1.090000033378601,1.149999976158142,0.0,122600
2023-12-27,1.149999976158142,1.149999976158142,0.0,1.350000023841858,1.1100000143051147,1.1200000047683716,0.0,662400
2023-12-28,1.399999976158142,1.399999976158142,0.0,2.0299999713897705,1.2599999904632568,1.7599999904632568,0.0,50377400
2023-12-29,1.2799999713897705,1.2799999713897705,0.0,1.3300000429153442,1.149999976158142,1.25,0.0,3764300
2024-01-02,1.1699999570846558,1.1699999570846558,0.0,1.25,1.149999976158142,1.2000000476837158,0.0,1829300
2024-01-03,1.4199999570846558,1.4199999570846558,0.0,1.5499999523162842,1.2400000095367432,1.2599999904632568,0.0,12403600
2024-01-04,1.3700000047683716,1.3700000047683716,0.0,1.440000057220459,1.3300000429153442,1.4299999475479126,0.0,2122300
2024-01-05,1.350000023841858,1.350000023841858,0.0,1.4700000286102295,1.3200000524520874,1.3700000047683716,0.0,2251700
2024-01-08,1.2999999523162842,1.2999999523162842,0.0,1.3700000047683716,1.2599999904632568,1.350000023841858,0.0,1272500
2024-01-09,1.600000023841858,1.600000023841858,0.0,1.7300000190734863,1.309999942779541,1.340000033378601,0.0,5338800
2024-01-10,1.9500000476837158,1.9500000476837158,0.0,2.2899999618530273,1.5700000524520874,1.850000023841858,0.0,43915100
2024-01-11,3.1700000762939453,3.1700000762939453,0.0,3.509999990463257,2.059999942779541,2.0799999237060547,0.0,84737500
2024-01-12,2.259999990463257,2.259999990463257,0.0,2.450000047683716,1.8700000047683716,2.2899999618530273,0.0,15123100
2024-01-16,2.5999999046325684,2.5999999046325684,0.0,3.2699999809265137,2.450000047683716,2.559999942779541,0.0,52920600
2024-01-17,2.109999895095825,2.109999895095825,0.0,2.569999933242798,1.9900000095367432,2.5199999809265137,0.0,8189900
2024-01-18,2.2300000190734863,2.2300000190734863,0.0,2.380000114440918,2.119999885559082,2.319999933242798,0.0,5928400
2024-01-19,1.7300000190734863,1.7300000190734863,0.0,2.259000062942505,1.7000000476837158,2.1600000858306885,0.0,5538300
2024-01-22,1.659999966621399,1.659999966621399,0.0,1.909999966621399,1.600000023841858,1.690000057220459,0.0,4178600
2024-01-23,1.5499999523162842,1.5499999523162842,0.0,1.659999966621399,1.4800000190734863,1.6100000143051147,0.0,2442000
2024-01-24,1.8799999952316284,1.8799999952316284,0.0,1.9700000286102295,1.600000023841858,1.6100000143051147,0.0,4460700
2024-01-25,1.659999966621399,1.659999966621399,0.0,1.9199999570846558,1.6200000047683716,1.9199999570846558,0.0,2606800
2024-01-26,1.7100000381469727,1.7100000381469727,0.0,1.7289999723434448,1.5800000429153442,1.6399999856948853,0.0,1169200
2024-01-29,1.9299999475479126,1.9299999475479126,0.0,1.9800000190734863,1.6399999856948853,1.75,0.0,2835100
2024-01-30,1.8200000524520874,1.8200000524520874,0.0,1.9299999475479126,1.7699999809265137,1.909999966621399,0.0,1163600
2024-01-31,1.9600000381469727,1.9600000381469727,0.0,2.1500000953674316,1.7300000190734863,1.8200000524520874,0.0,3116700
2024-02-01,2.3299999237060547,2.3299999237060547,0.0,2.430000066757202,1.9700000286102295,1.9800000190734863,0.0,4814900
2024-02-02,2.299999952316284,2.299999952316284,0.0,2.5399999618530273,2.130000114440918,2.5299999713897705,0.0,3855700
2024-02-05,2.8499999046325684,2.8499999046325684,0.0,2.930000066757202,2.1600000858306885,2.2200000286102295,0.0,6248700
2024-02-06,2.930000066757202,2.930000066757202,0.0,3.2850000858306885,2.7799999713897705,2.7799999713897705,0.0,7748600
2024-02-07,3.549999952316284,3.549999952316284,0.0,3.950000047683716,2.9200000762939453,2.930000066757202,0.0,10866200
2024-02-08,2.7899999618530273,2.7899999618530273,0.0,3.799999952316284,2.630000114440918,3.630000114440918,0.0,5076900
2024-02-09,2.430000066757202,2.430000066757202,0.0,3.240000009536743,2.319999933242798,3.0199999809265137,0.0,6163500
2024-02-12,2.2699999809265137,2.2699999809265137,0.0,2.609999895095825,2.200000047683716,2.440000057220459,0.0,6462100
2024-02-13,2.3299999237060547,2.3299999237060547,0.0,2.619999885559082,2.0199999809265137,2.119999885559082,0.0,5517600
2024-02-14,2.190000057220459,2.190000057220459,0.0,2.4600000381469727,2.119999885559082,2.380000114440918,0.0,4872600
2024-02-15,2.200000047683716,2.200000047683716,0.0,2.305000066757202,2.049999952316284,2.0899999141693115,0.0,2732100
2024-02-16,2.380000114440918,2.380000114440918,0.0,2.4600000381469727,2.140000104904175,2.1600000858306885,0.0,2287200
2024-02-20,2.440000057220459,2.440000057220459,0.0,2.7200000286102295,2.4000000953674316,2.4100000858306885,0.0,3669400
2024-02-21,2.299999952316284,2.299999952316284,0.0,2.4690001010894775,2.1510000228881836,2.4000000953674316,0.0,2444600
2024-02-22,2.240000009536743,2.240000009536743,0.0,2.4000000953674316,2.1600000858306885,2.4000000953674316,0.0,1509200
2024-02-23,1.9800000190734863,1.9800000190734863,0.0,2.2699999809265137,1.8799999952316284,2.25,0.0,2900500
2024-02-26,1.850000023841858,1.850000023841858,0.0,1.9600000381469727,1.7999999523162842,1.909999966621399,0.0,1438100
2024-02-27,1.7799999713897705,1.7799999713897705,0.0,1.8600000143051147,1.649999976158142,1.8600000143051147,0.0,1755700
2024-02-28,1.9500000476837158,1.9500000476837158,0.0,2.009999990463257,1.7200000286102295,1.75,0.0,1876700
2024-02-29,1.809999942779541,1.809999942779541,0.0,2.109999895095825,1.7999999523162842,2.109999895095825,0.0,1599700
2024-03-01,1.9800000190734863,1.9800000190734863,0.0,2.0350000858306885,1.7400000095367432,1.8700000047683716,0.0,1540400
2024-03-04,1.9299999475479126,1.9299999475479126,0.0,2.049999952316284,1.8700000047683716,2.009999990463257,0.0,999800
2024-03-05,1.909999966621399,1.909999966621399,0.0,2.0199999809265137,1.8200000524520874,1.9800000190734863,0.0,1380100
2024-03-06,1.9500000476837158,1.9500000476837158,0.0,2.0390000343322754,1.8700000047683716,1.909999966621399,0.0,791100
2024-03-07,2.0999999046325684,2.0999999046325684,0.0,2.1700000762939453,1.9299999475479126,2.0,0.0,1463300
2024-03-08,2.0899999141693115,2.0899999141693115,0.0,2.180000066757202,1.9600000381469727,2.1500000953674316,0.0,1300000
2024-03-11,2.240000009536743,2.240000009536743,0.0,2.2950000762939453,2.0399999618530273,2.0799999237060547,0.0,1572800
2024-03-12,2.0999999046325684,2.0999999046325684,0.0,2.380000114440918,2.0899999141693115,2.2799999713897705,0.0,1881000
2024-03-13,1.9299999475479126,1.9299999475479126,0.0,2.109999895095825,1.8849999904632568,2.109999895095825,0.0,2570000
2024-03-14,1.7200000286102295,1.7200000286102295,0.0,1.940000057220459,1.6799999475479126,1.899999976158142,0.0,2008000
2024-03-15,1.8200000524520874,1.8200000524520874,0.0,1.850000023841858,1.6100000143051147,1.7000000476837158,0.0,904800
2024-03-18,1.75,1.75,0.0,1.8279999494552612,1.7100000381469727,1.7999999523162842,0.0,697200
2024-03-19,1.7300000190734863,1.7300000190734863,0.0,1.75,1.6100000143051147,1.7000000476837158,0.0,996600
2024-03-20,1.75,1.75,0.0,1.809999942779541,1.7000000476837158,1.75,0.0,1129800
2024-03-21,1.690000057220459,1.690000057220459,0.0,1.8200000524520874,1.659999966621399,1.75,0.0,1537700
2024-03-22,1.6200000047683716,1.6200000047683716,0.0,1.7999999523162842,1.5800000429153442,1.75,0.0,1885200
2024-03-25,1.440000057220459,1.440000057220459,0.0,1.5920000076293945,1.4199999570846558,1.590000033378601,0.0,1531800
2024-03-26,1.5399999618530273,1.5399999618530273,0.0,1.5800000429153442,1.340000033378601,1.4299999475479126,0.0,1294500
2024-03-27,1.5499999523162842,1.5499999523162842,0.0,1.6100000143051147,1.4800000190734863,1.5199999809265137,0.0,813000
2024-03-28,1.5499999523162842,1.5499999523162842,0.0,1.659999966621399,1.5099999904632568,1.5399999618530273,0.0,845100
2024-04-01,1.5499999523162842,1.5499999523162842,0.0,1.6200000047683716,1.5099999904632568,1.600000023841858,0.0,693300
2024-04-02,1.4700000286102295,1.4700000286102295,0.0,1.5329999923706055,1.4199999570846558,1.5099999904632568,0.0,509500
2024-04-03,1.399999976158142,1.399999976158142,0.0,1.4500000476837158,1.340000033378601,1.4500000476837158,0.0,870400
2024-04-04,1.350000023841858,1.350000023841858,0.0,1.4500000476837158,1.340000033378601,1.4199999570846558,0.0,645500
2024-04-05,1.3300000429153442,1.3300000429153442,0.0,1.3600000143051147,1.2300000190734863,1.350000023841858,0.0,854500
2024-04-08,1.3300000429153442,1.3300000429153442,0.0,1.3899999856948853,1.274999976158142,1.340000033378601,0.0,363700
2024-04-09,1.2699999809265137,1.2699999809265137,0.0,1.350000023841858,1.2400000095367432,1.350000023841858,0.0,419500
2024-04-10,1.2400000095367432,1.2400000095367432,0.0,1.309999942779541,1.2000000476837158,1.2699999809265137,0.0,582300
2024-04-11,1.2699999809265137,1.2699999809265137,0.0,1.2699999809265137,1.187000036239624,1.2400000095367432,0.0,319200
2024-04-12,1.2300000190734863,1.2300000190734863,0.0,1.3200000524520874,1.2200000286102295,1.2300000190734863,0.0,348500
2024-04-15,1.1449999809265137,1.1449999809265137,0.0,1.2200000286102295,1.100000023841858,1.190000057220459,0.0,511400
2024-04-16,1.1100000143051147,1.1100000143051147,0.0,1.1100000143051147,1.0,1.059999942779541,0.0,714500
2024-04-17,1.059999942779541,1.059999942779541,0.0,1.1399999856948853,1.059999942779541,1.100000023841858,0.0,230800
2024-04-18,1.0700000524520874,1.0700000524520874,0.0,1.100000023841858,1.0499999523162842,1.100000023841858,0.0,223800
2024-04-19,1.0299999713897705,1.0299999713897705,0.0,1.0700000524520874,1.0199999809265137,1.0399999618530273,0.0,209700
2024-04-22,1.1299999952316284,1.1299999952316284,0.0,1.1399999856948853,1.0099999904632568,1.0299999713897705,0.0,373900
2024-04-23,1.25,1.25,0.0,1.25,1.1200000047683716,1.1699999570846558,0.0,663100
2024-04-24,1.2000000476837158,1.2000000476837158,0.0,1.3600000143051147,1.1799999475479126,1.25,0.0,728300
2024-04-25,1.1699999570846558,1.1699999570846558,0.0,1.2400000095367432,1.1299999952316284,1.2300000190734863,0.0,265100
2024-04-26,1.2300000190734863,1.2300000190734863,0.0,1.25,1.159999966621399,1.1699999570846558,0.0,303500
2024-04-29,1.2100000381469727,1.2100000381469727,0.0,1.2899999618530273,1.1799999475479126,1.2899999618530273,0.0,276800
2024-04-30,1.2400000095367432,1.2400000095367432,0.0,1.25,1.190000057220459,1.190000057220459,0.0,187100
2024-05-01,1.1799999475479126,1.1799999475479126,0.0,1.2400000095367432,1.1699999570846558,1.2200000286102295,0.0,262700
2024-05-02,1.190000057220459,1.190000057220459,0.0,1.2100000381469727,1.159999966621399,1.2100000381469727,0.0,130200
2024-05-03,1.149999976158142,1.149999976158142,0.0,1.215999960899353,1.1399999856948853,1.190000057220459,0.0,193200
2024-05-06,1.1699999570846558,1.1699999570846558,0.0,1.2000000476837158,1.149999976158142,1.149999976158142,0.0,146900
2024-05-07,1.1699999570846558,1.1699999570846558,0.0,1.2000000476837158,1.149999976158142,1.149999976158142,0.0,101100
2024-05-08,1.1699999570846558,1.1699999570846558,0.0,1.190000057220459,1.1399999856948853,1.1799999475479126,0.0,117100
2024-05-09,1.1799999475479126,1.1799999475479126,0.0,1.2050000429153442,1.1699999570846558,1.1799999475479126,0.0,127400
2024-05-10,1.190000057220459,1.190000057220459,0.0,1.2100000381469727,1.1699999570846558,1.2100000381469727,0.0,64800
2024-05-13,1.190000057220459,1.190000057220459,0.0,1.2400000095367432,1.159999966621399,1.190000057220459,0.0,172900
2024-05-14,1.1799999475479126,1.1799999475479126,0.0,1.190000057220459,1.1399999856948853,1.190000057220459,0.0,252500
2024-05-15,1.1200000047683716,1.1200000047683716,0.0,1.190000057220459,1.100000023841858,1.190000057220459,0.0,310200
2024-05-16,1.0850000381469727,1.0850000381469727,0.0,1.159999966621399,1.059999942779541,1.1200000047683716,0.0,379200
2024-05-17,1.128999948501587,1.128999948501587,0.0,1.1399999856948853,1.0700000524520874,1.0700000524520874,0.0,148700
2024-05-20,1.0800000429153442,1.0800000429153442,0.0,1.1399999856948853,1.0499999523162842,1.1399999856948853,0.0,272100
2024-05-21,1.0800000429153442,1.0800000429153442,0.0,1.100000023841858,1.0499999523162842,1.0800000429153442,0.0,139200
2024-05-22,1.059999942779541,1.059999942779541,0.0,1.0800000429153442,1.0299999713897705,1.0700000524520874,0.0,251400
2024-05-23,1.0010000467300415,1.0010000467300415,0.0,1.0700000524520874,0.9800000190734863,1.059999942779541,0.0,265300
2024-05-24,1.0700000524520874,1.0700000524520874,0.0,1.0800000429153442,1.0199999809265137,1.0299999713897705,0.0,271700
2024-05-28,1.2400000095367432,1.2400000095367432,0.0,1.2400000095367432,1.0800000429153442,1.090000033378601,0.0,417400
2024-05-29,1.2549999952316284,1.2549999952316284,0.0,1.2690000534057617,1.159999966621399,1.25,0.0,289400
2024-05-30,1.1979999542236328,1.1979999542236328,0.0,1.2799999713897705,1.1699999570846558,1.2599999904632568,0.0,220800
2024-05-31,1.2100000381469727,1.2100000381469727,0.0,1.2300000190734863,1.159999966621399,1.2200000286102295,0.0,108500
2024-06-03,1.1299999952316284,1.1299999952316284,0.0,1.2200000286102295,1.1100000143051147,1.2000000476837158,0.0,173700
2024-06-04,1.090000033378601,1.090000033378601,0.0,1.1100000143051147,1.059999942779541,1.1100000143051147,0.0,210000
2024-06-05,1.149999976158142,1.149999976158142,0.0,1.149999976158142,1.090000033378601,1.1200000047683716,0.0,141100
2024-06-06,1.1299999952316284,1.1299999952316284,0.0,1.190000057220459,1.0700000524520874,1.190000057220459,0.0,140400
2024-06-07,1.090000033378601,1.090000033378601,0.0,1.1100000143051147,1.059999942779541,1.1100000143051147,0.0,166500
2024-06-10,1.100000023841858,1.100000023841858,0.0,1.1100000143051147,1.059999942779541,1.1100000143051147,0.0,121100
2024-06-11,1.0700000524520874,1.0700000524520874,0.0,1.1200000047683716,1.0499999523162842,1.1200000047683716,0.0,292500
2024-06-12,1.0800000429153442,1.0800000429153442,0.0,1.090000033378601,1.0299999713897705,1.0700000524520874,0.0,274700
2024-06-13,1.090000033378601,1.090000033378601,0.0,1.0989999771118164,1.0499999523162842,1.090000033378601,0.0,82800
2024-06-14,1.0399999618530273,1.0399999618530273,0.0,1.0800000429153442,1.0,1.0800000429153442,0.0,255800
2024-06-17,1.0099999904632568,1.0099999904632568,0.0,1.0700000524520874,0.9800000190734863,1.0700000524520874,0.0,340100
2024-06-18,0.9570000171661377,0.9570000171661377,0.0,1.0199999809265137,0.9200000166893005,1.0099999904632568,0.0,292600
2024-06-20,0.8550000190734863,0.8550000190734863,0.0,0.9599999785423279,0.8500000238418579,0.9599999785423279,0.0,584900
2024-06-21,0.8500000238418579,0.8500000238418579,0.0,0.8700000047683716,0.800000011920929,0.8700000047683716,0.0,338400
2024-06-24,0.8679999709129333,0.8679999709129333,0.0,0.9200000166893005,0.843999981880188,0.8799999952316284,0.0,185500
2024-06-25,0.8330000042915344,0.8330000042915344,0.0,0.8600000143051147,0.8080000281333923,0.8560000061988831,0.0,205900
2024-06-26,0.8700000047683716,0.8700000047683716,0.0,0.8700000047683716,0.8199999928474426,0.8479999899864197,0.0,121700
2024-06-27,0.8840000033378601,0.8840000033378601,0.0,0.8999999761581421,0.8519999980926514,0.8960000276565552,0.0,130900
2024-06-28,0.8169999718666077,0.8169999718666077,0.0,0.8450000286102295,0.800000011920929,0.8450000286102295,0.0,390800
2024-07-01,0.7720000147819519,0.7720000147819519,0.0,0.8399999737739563,0.7509999871253967,0.8299999833106995,0.0,215700
2024-07-02,0.7120000123977661,0.7120000123977661,0.0,0.7490000128746033,0.656000018119812,0.7319999933242798,0.0,2806700
2024-07-03,0.7200000286102295,0.7200000286102295,0.0,0.7300000190734863,0.6800000071525574,0.699999988079071,0.0,365200
2024-07-05,0.7400000095367432,0.7400000095367432,0.0,0.75,0.6790000200271606,0.7419999837875366,0.0,296300
2024-07-08,0.8149999976158142,0.8149999976158142,0.0,0.8389999866485596,0.7350000143051147,0.7400000095367432,0.0,460700
2024-07-09,0.7929999828338623,0.7929999828338623,0.0,0.8199999928474426,0.7670000195503235,0.8199999928474426,0.0,92300
2024-07-10,0.7879999876022339,0.7879999876022339,0.0,0.8090000152587891,0.7300000190734863,0.7570000290870667,0.0,236800
2024-07-11,0.7950000166893005,0.7950000166893005,0.0,0.8199999928474426,0.7630000114440918,0.7820000052452087,0.0,163400
2024-07-12,0.7900000214576721,0.7900000214576721,0.0,0.800000011920929,0.75,0.7820000052452087,0.0,163600
2024-07-15,0.7630000114440918,0.7630000114440918,0.0,0.8100000023841858,0.7519999742507935,0.8059999942779541,0.0,330900
2024-07-16,0.8299999833106995,0.8299999833106995,0.0,0.8600000143051147,0.7670000195503235,0.7990000247955322,0.0,733100
2024-07-17,0.7590000033378601,0.7590000033378601,0.0,0.824999988079071,0.7409999966621399,0.8130000233650208,0.0,333400
2024-07-18,0.7350000143051147,0.7350000143051147,0.0,0.7850000262260437,0.7200000286102295,0.7699999809265137,0.0,270900
2024-07-19,0.7009999752044678,0.7009999752044678,0.0,0.7450000047683716,0.699999988079071,0.7300000190734863,0.0,212300
2024-07-22,0.7239999771118164,0.7239999771118164,0.0,0.7400000095367432,0.6499999761581421,0.7400000095367432,0.0,212600
2024-07-23,0.7120000123977661,0.7120000123977661,0.0,0.7400000095367432,0.6970000267028809,0.7300000190734863,0.0,117400
2024-07-24,0.6980000138282776,0.6980000138282776,0.0,0.7200000286102295,0.6899999976158142,0.7129999995231628,0.0,80400
2024-07-25,0.699999988079071,0.699999988079071,0.0,0.699999988079071,0.6549999713897705,0.6980000138282776,0.0,233500
2024-07-26,0.718999981880188,0.718999981880188,0.0,0.7300000190734863,0.6909999847412109,0.7059999704360962,0.0,184900
2024-07-29,0.675000011920929,0.675000011920929,0.0,0.7360000014305115,0.6710000038146973,0.7200000286102295,0.0,141200
2024-07-30,0.6499999761581421,0.6499999761581421,0.0,0.699999988079071,0.6399999856948853,0.675000011920929,0.0,178400
2024-07-31,0.6539999842643738,0.6539999842643738,0.0,0.6549999713897705,0.6299999952316284,0.6510000228881836,0.0,122400
2024-08-01,0.5899999737739563,0.5899999737739563,0.0,0.6700000166893005,0.574999988079071,0.6700000166893005,0.0,514400
2024-08-02,0.5360000133514404,0.5360000133514404,0.0,0.5929999947547913,0.5249999761581421,0.5929999947547913,0.0,348300
2024-08-05,0.47999998927116394,0.47999998927116394,0.0,0.5199999809265137,0.4699999988079071,0.5,0.0,491600
2024-08-06,0.49799999594688416,0.49799999594688416,0.0,0.5,0.47999998927116394,0.49000000953674316,0.0,165100
2024-08-07,0.49799999594688416,0.49799999594688416,0.0,0.5199999809265137,0.47999998927116394,0.5,0.0,250600
2024-08-08,0.421999990940094,0.421999990940094,0.0,0.503000020980835,0.42100000381469727,0.5,0.0,559500
2024-08-09,0.36500000953674316,0.36500000953674316,0.0,0.44999998807907104,0.3009999990463257,0.4230000078678131,0.0,1640300
2024-08-12,0.3499999940395355,0.3499999940395355,0.0,0.3700000047683716,0.28999999165534973,0.3700000047683716,0.0,6033100
2024-08-13,0.40799999237060547,0.40799999237060547,0.0,0.4189999997615814,0.30000001192092896,0.3580000102519989,0.0,14932100
2024-08-14,0.3799999952316284,0.3799999952316284,0.0,0.4300000071525574,0.3790000081062317,0.40799999237060547,0.0,2157400
2024-08-15,0.4259999990463257,0.4259999990463257,0.0,0.4399999976158142,0.3449999988079071,0.36800000071525574,0.0,1550800
2024-08-16,0.4650000035762787,0.4650000035762787,0.0,0.4699999988079071,0.4000000059604645,0.4000000059604645,0.0,1163000
2024-08-19,0.5799999833106995,0.5799999833106995,0.0,0.6200000047683716,0.4429999887943268,0.46000000834465027,0.0,2552000
2024-08-20,0.5609999895095825,0.5609999895095825,0.0,0.6420000195503235,0.5299999713897705,0.6150000095367432,0.0,2038700
2024-08-21,0.6050000190734863,0.6050000190734863,0.0,0.6299999952316284,0.5099999904632568,0.5609999895095825,0.0,1321500
2024-08-22,0.5540000200271606,0.5540000200271606,0.0,0.6299999952316284,0.5400000214576721,0.6100000143051147,0.0,1148400
2024-08-23,0.6230000257492065,0.6230000257492065,0.0,0.6380000114440918,0.5199999809265137,0.5550000071525574,0.0,1420500
2024-08-26,0.7900000214576721,0.7900000214576721,0.0,0.8299999833106995,0.6100000143051147,0.6110000014305115,0.0,6506600
2024-08-27,0.777999997138977,0.777999997138977,0.0,0.8600000143051147,0.7400000095367432,0.800000011920929,0.0,1929600
2024-08-28,0.5910000205039978,0.5910000205039978,0.0,0.7799999713897705,0.5849999785423279,0.7799999713897705,0.0,1996100
2024-08-29,0.6100000143051147,0.6100000143051147,0.0,0.6439999938011169,0.5699999928474426,0.5920000076293945,0.0,607900
2024-08-30,0.5950000286102295,0.5950000286102295,0.0,0.6200000047683716,0.5529999732971191,0.6069999933242798,0.0,510900
2024-09-03,0.5350000262260437,0.5350000262260437,0.0,0.5950000286102295,0.5049999952316284,0.5879999995231628,0.0,825400
2024-09-04,0.4950000047683716,0.4950000047683716,0.0,0.5249999761581421,0.46000000834465027,0.5199999809265137,0.0,753900
2024-09-05,0.4819999933242798,0.4819999933242798,0.0,0.5199999809265137,0.47999998927116394,0.5,0.0,652100
2024-09-06,0.47999998927116394,0.47999998927116394,0.0,0.48500001430511475,0.44999998807907104,0.47999998927116394,0.0,317900
2024-09-09,0.49000000953674316,0.49000000953674316,0.0,0.5199999809265137,0.4699999988079071,0.4880000054836273,0.0,386400
2024-09-10,0.4779999852180481,0.4779999852180481,0.0,0.48500001430511475,0.4519999921321869,0.47999998927116394,0.0,260200
2024-09-11,0.5239999890327454,0.5239999890327454,0.0,0.5450000166893005,0.46000000834465027,0.48500001430511475,0.0,476400
2024-09-12,0.4790000021457672,0.4790000021457672,0.0,0.5199999809265137,0.4699999988079071,0.5199999809265137,0.0,379500
2024-09-13,0.5199999809265137,0.5199999809265137,0.0,0.5249999761581421,0.48100000619888306,0.48100000619888306,0.0,376400
2024-09-16,0.5,0.5,0.0,0.5049999952316284,0.49000000953674316,0.4950000047683716,0.0,166900
2024-09-17,0.4749999940395355,0.4749999940395355,0.0,0.5,0.4659999907016754,0.4950000047683716,0.0,603600
2024-09-18,0.4650000035762787,0.4650000035762787,0.0,0.4779999852180481,0.44999998807907104,0.46299999952316284,0.0,430300
2024-09-19,0.4399999976158142,0.4399999976158142,0.0,0.48500001430511475,0.4300000071525574,0.4749999940395355,0.0,953400
2024-09-20,0.4399999976158142,0.4399999976158142,0.0,0.4560000002384186,0.4300000071525574,0.4560000002384186,0.0,405100
2024-09-23,0.4399999976158142,0.4399999976158142,0.0,0.44999998807907104,0.4099999964237213,0.4440000057220459,0.0,393600
2024-09-24,0.4519999921321869,0.4519999921321869,0.0,0.45899999141693115,0.43299999833106995,0.4399999976158142,0.0,111900
2024-09-25,0.5249999761581421,0.5249999761581421,0.0,0.5440000295639038,0.4480000138282776,0.4480000138282776,0.0,1092000
2024-09-26,0.4869999885559082,0.4869999885559082,0.0,0.5199999809265137,0.46700000762939453,0.5149999856948853,0.0,458200
2024-09-27,0.46299999952316284,0.46299999952316284,0.0,0.5099999904632568,0.44999998807907104,0.492000013589859,0.0,546900
2024-09-30,0.4399999976158142,0.4399999976158142,0.0,0.4950000047683716,0.43299999833106995,0.44999998807907104,0.0,819000
2024-10-01,0.4269999861717224,0.4269999861717224,0.0,0.4659999907016754,0.4000000059604645,0.45100000500679016,0.0,409100
2024-10-02,0.4269999861717224,0.4269999861717224,0.0,0.4399999976158142,0.41200000047683716,0.41999998688697815,0.0,286900
2024-10-03,0.4180000126361847,0.4180000126361847,0.0,0.4359999895095825,0.41499999165534973,0.41999998688697815,0.0,142500
2024-10-04,0.4300000071525574,0.4300000071525574,0.0,0.4480000138282776,0.4180000126361847,0.4180000126361847,0.0,275200
2024-10-07,0.4300000071525574,0.4300000071525574,0.0,0.44999998807907104,0.4230000078678131,0.4399999976158142,0.0,86400
2024-10-08,0.4169999957084656,0.4169999957084656,0.0,0.44999998807907104,0.4050000011920929,0.4350000023841858,0.0,211800
2024-10-09,0.4009999930858612,0.4009999930858612,0.0,0.4480000138282776,0.4000000059604645,0.4440000057220459,0.0,287100
2024-10-10,0.38100001215934753,0.38100001215934753,0.0,0.4059999883174896,0.36500000953674316,0.4000000059604645,0.0,539800
2024-10-11,0.41999998688697815,0.41999998688697815,0.0,0.42500001192092896,0.38100001215934753,0.38100001215934753,0.0,386000
2024-10-14,0.42100000381469727,0.42100000381469727,0.0,0.4790000021457672,0.4050000011920929,0.41999998688697815,0.0,577500
2024-10-15,0.4300000071525574,0.4300000071525574,0.0,0.44999998807907104,0.41200000047683716,0.44999998807907104,0.0,292400
2024-10-16,0.44999998807907104,0.44999998807907104,0.0,0.4699999988079071,0.42500001192092896,0.4300000071525574,0.0,469800
2024-10-17,0.4429999887943268,0.4429999887943268,0.0,0.4729999899864197,0.4399999976158142,0.4729999899864197,0.0,266400
2024-10-18,0.4490000009536743,0.4490000009536743,0.0,0.46700000762939453,0.4399999976158142,0.44699999690055847,0.0,376800
2024-10-21,0.44600000977516174,0.44600000977516174,0.0,0.47999998927116394,0.4410000145435333,0.4490000009536743,0.0,407100
2024-10-22,0.44999998807907104,0.44999998807907104,0.0,0.47699999809265137,0.43799999356269836,0.4659999907016754,0.0,456600
2024-10-23,0.4189999997615814,0.4189999997615814,0.0,0.45500001311302185,0.4099999964237213,0.4429999887943268,0.0,424500
2024-10-24,0.4009999930858612,0.4009999930858612,0.0,0.4059999883174896,0.3799999952316284,0.4050000011920929,0.0,395600
2024-10-25,0.39899998903274536,0.39899998903274536,0.0,0.4099999964237213,0.3930000066757202,0.39800000190734863,0.0,377800
2024-10-28,0.421999990940094,0.421999990940094,0.0,0.4300000071525574,0.3889999985694885,0.39899998903274536,0.0,801500
2024-10-29,0.4009999930858612,0.4009999930858612,0.0,0.421999990940094,0.39500001072883606,0.421999990940094,0.0,419700
2024-10-30,0.3930000066757202,0.3930000066757202,0.0,0.4090000092983246,0.3799999952316284,0.4020000100135803,0.0,595600
2024-10-31,0.3779999911785126,0.3779999911785126,0.0,0.3930000066757202,0.3659999966621399,0.38100001215934753,0.0,326900
2024-11-01,0.38199999928474426,0.38199999928474426,0.0,0.4000000059604645,0.3779999911785126,0.3779999911785126,0.0,318600
2024-11-04,0.37700000405311584,0.37700000405311584,0.0,0.4000000059604645,0.3610000014305115,0.38999998569488525,0.0,232000
2024-11-05,0.37599998712539673,0.37599998712539673,0.0,0.3799999952316284,0.3630000054836273,0.37599998712539673,0.0,206200
2024-11-06,0.3610000014305115,0.3610000014305115,0.0,0.3869999945163727,0.35199999809265137,0.37599998712539673,0.0,532600
2024-11-07,0.36000001430511475,0.36000001430511475,0.0,0.38199999928474426,0.3499999940395355,0.36000001430511475,0.0,429200
2024-11-08,0.3499999940395355,0.3499999940395355,0.0,0.46799999475479126,0.33000001311302185,0.3799999952316284,0.0,3694900
2024-11-11,0.34200000762939453,0.34200000762939453,0.0,0.3630000054836273,0.3089999854564667,0.35100001096725464,0.0,836300
2024-11-12,0.3610000014305115,0.3610000014305115,0.0,0.36899998784065247,0.3310000002384186,0.3319999873638153,0.0,700800
2024-11-13,0.3919999897480011,0.3919999897480011,0.0,0.45500001311302185,0.3700000047683716,0.375,0.0,3890200
2024-11-14,0.4309999942779541,0.4309999942779541,0.0,0.46000000834465027,0.38999998569488525,0.38999998569488525,0.0,1971000
2024-11-15,0.38199999928474426,0.38199999928474426,0.0,0.4399999976158142,0.3799999952316284,0.4399999976158142,0.0,798000
2024-11-18,0.5080000162124634,0.5080000162124634,0.0,0.550000011920929,0.4050000011920929,0.4390000104904175,0.0,5362300
2024-11-19,0.4560000002384186,0.4560000002384186,0.0,0.4909999966621399,0.4269999861717224,0.4909999966621399,0.0,2936100
2024-11-20,0.4950000047683716,0.4950000047683716,0.0,0.5220000147819519,0.42100000381469727,0.4480000138282776,0.0,2373100
2024-11-21,0.4650000035762787,0.4650000035762787,0.0,0.47999998927116394,0.41200000047683716,0.4300000071525574,0.0,2326300
2024-11-22,0.45100000500679016,0.45100000500679016,0.0,0.4959999918937683,0.4429999887943268,0.4650000035762787,0.0,2207500
2024-11-25,0.4699999988079071,0.4699999988079071,0.0,0.6880000233650208,0.46000000834465027,0.5040000081062317,0.0,17919300
2024-11-26,0.45100000500679016,0.45100000500679016,0.0,0.5,0.4180000126361847,0.49799999594688416,0.0,6328300
2024-11-27,0.4090000092983246,0.4090000092983246,0.0,0.4399999976158142,0.40299999713897705,0.43299999833106995,0.0,2277000
2024-11-29,0.41499999165534973,0.41499999165534973,0.0,0.44999998807907104,0.39500001072883606,0.4300000071525574,0.0,2165500
2024-12-02,0.4729999899864197,0.4729999899864197,0.0,0.5199999809265137,0.4180000126361847,0.4399999976158142,0.0,5776600
2024-12-03,0.41200000047683716,0.41200000047683716,0.0,0.47699999809265137,0.39100000262260437,0.4699999988079071,0.0,3893300
2024-12-04,0.3930000066757202,0.3930000066757202,0.0,0.4399999976158142,0.38999998569488525,0.42800000309944153,0.0,2166100
2024-12-05,0.38499999046325684,0.38499999046325684,0.0,0.3930000066757202,0.3499999940395355,0.3930000066757202,0.0,2254700
2024-12-06,0.39800000190734863,0.39800000190734863,0.0,0.4169999957084656,0.3799999952316284,0.38600000739097595,0.0,1519400
2024-12-09,0.39100000262260437,0.39100000262260437,0.0,0.4429999887943268,0.38600000739097595,0.4300000071525574,0.0,3196300
2024-12-10,0.5709999799728394,0.5709999799728394,0.0,0.5929999947547913,0.39100000262260437,0.4050000011920929,0.0,44137800
2024-12-11,1.149999976158142,1.149999976158142,0.0,1.4500000476837158,0.9599999785423279,1.0449999570846558,0.0,225464900
2024-12-12,1.850000023841858,1.850000023841858,0.0,1.9900000095367432,1.4800000190734863,1.7100000381469727,0.0,256791300
2024-12-13,1.75,1.75,0.0,1.8899999856948853,1.4800000190734863,1.600000023841858,0.0,63903700
2024-12-16,2.450000047683716,2.450000047683716,0.0,3.4600000381469727,2.2300000190734863,2.630000114440918,0.0,204111800
2024-12-17,2.9800000190734863,2.9800000190734863,0.0,3.200000047683716,2.6500000953674316,2.940000057220459,0.0,86244900
2024-12-18,2.3399999141693115,2.3399999141693115,0.0,3.049999952316284,2.1600000858306885,2.799999952316284,0.0,73973300
2024-12-19,2.009999990463257,2.009999990463257,0.0,2.5299999713897705,1.9800000190734863,2.359999895095825,0.0,37852900
2024-12-20,2.75,2.75,0.0,3.0,2.119999885559082,2.2699999809265137,0.0,70997600
2024-12-23,4.900000095367432,4.900000095367432,0.0,5.0,3.440000057220459,3.5899999141693115,0.0,149974800
2024-12-24,5.46999979019165,5.46999979019165,0.0,6.269999980926514,4.820000171661377,6.130000114440918,0.0,90415800
2024-12-26,8.760000228881836,8.760000228881836,0.0,9.319999694824219,5.099999904632568,5.199999809265137,0.0,159396100
2024-12-27,9.079999923706055,9.079999923706055,0.0,11.0,7.599999904632568,9.779999732971191,0.0,135477700
2024-12-30,8.569999694824219,8.569999694824219,0.0,9.5,7.539999961853027,8.039999961853027,0.0,54062000
2024-12-31,6.150000095367432,6.150000095367432,0.0,8.100000381469727,5.320000171661377,8.09000015258789,0.0,61216100
2025-01-02,8.670000076293945,8.670000076293945,0.0,8.850000381469727,6.309999942779541,6.860000133514404,0.0,89484000
2025-01-03,8.140000343322754,8.140000343322754,0.0,9.329000473022461,7.820000171661377,7.980000019073486,0.0,45246300
2025-01-06,7.730000019073486,7.730000019073486,0.0,9.5,7.690000057220459,8.979999542236328,0.0,60086700
2025-01-07,7.150000095367432,7.150000095367432,0.0,7.885000228881836,6.840000152587891,7.880000114440918,0.0,34646000
2025-01-08,5.275000095367432,5.275000095367432,0.0,5.46999979019165,3.25,4.980000019073486,0.0,113236300
2025-01-10,5.730000019073486,5.730000019073486,0.0,6.309999942779541,5.159999847412109,5.710000038146973,0.0,58561700
2025-01-13,3.3499999046325684,3.3499999046325684,0.0,5.170000076293945,3.115000009536743,4.539000034332275,0.0,89922300
2025-01-14,3.6600000858306885,3.6600000858306885,0.0,4.059999942779541,2.9600000381469727,3.450000047683716,0.0,105971500
2025-01-15,4.559999942779541,4.559999942779541,0.0,5.25,4.440000057220459,4.804999828338623,0.0,82228800
2025-01-16,4.349999904632568,4.349999904632568,0.0,4.579999923706055,4.039999961853027,4.440000057220459,0.0,47784300
2025-01-17,4.239999771118164,4.239999771118164,0.0,5.159999847412109,4.170000076293945,4.820000171661377,0.0,60024100
2025-01-21,5.019999980926514,5.019999980926514,0.0,5.230000019073486,4.130000114440918,4.369999885559082,0.0,57322700
2025-01-22,4.489999771118164,4.489999771118164,0.0,5.110000133514404,4.380000114440918,4.989999771118164,0.0,32545600
2025-01-23,4.070000171661377,4.070000171661377,0.0,4.599999904632568,3.950000047683716,4.440000057220459,0.0,25317700
2025-01-24,4.300000190734863,4.300000190734863,0.0,4.449999809265137,4.059999942779541,4.400000095367432,0.0,23515100
2025-01-27,3.990000009536743,3.990000009536743,0.0,4.28000020980835,3.809999942779541,3.9000000953674316,0.0,15785600
2025-01-28,3.7300000190734863,3.7300000190734863,0.0,4.03000020980835,3.450000047683716,4.019999980926514,0.0,15060200
2025-01-29,3.2799999713897705,3.2799999713897705,0.0,3.819999933242798,3.2799999713897705,3.609999895095825,0.0,21017900
2025-01-30,3.2100000381469727,3.2100000381469727,0.0,3.490000009536743,3.0299999713897705,3.490000009536743,0.0,22646400
2025-01-31,3.180000066757202,3.180000066757202,0.0,3.559999942779541,3.0799999237060547,3.119999885559082,0.0,25728400
2025-02-03,2.990000009536743,2.990000009536743,0.0,3.125,2.759999990463257,2.930000066757202,0.0,15117200
2025-02-04,3.0999999046325684,3.0999999046325684,0.0,3.359999895095825,3.049999952316284,3.119999885559082,0.0,13603900
2025-02-05,3.819999933242798,3.819999933242798,0.0,3.8399999141693115,3.0199999809265137,3.200000047683716,0.0,26775300
2025-02-06,4.0,4.0,0.0,4.474999904632568,3.930000066757202,4.46999979019165,0.0,47288200
2025-02-07,4.03000020980835,4.03000020980835,0.0,4.170000076293945,3.799999952316284,4.090000152587891,0.0,21592600
2025-02-10,4.329999923706055,4.329999923706055,0.0,4.429999828338623,3.7100000381469727,3.9000000953674316,0.0,21710600
2025-02-11,3.740000009536743,3.740000009536743,0.0,4.309999942779541,3.680000066757202,4.239999771118164,0.0,17165200
2025-02-12,3.815000057220459,3.815000057220459,0.0,3.9000000953674316,3.4600000381469727,3.5199999809265137,0.0,13855100
2025-02-13,3.640000104904175,3.640000104904175,0.0,3.7699999809265137,3.4600000381469727,3.75,0.0,13849600
2025-02-14,3.309999942779541,3.309999942779541,0.0,3.549999952316284,3.2799999713897705,3.509999990463257,0.0,11714000
2025-02-18,3.0199999809265137,3.0199999809265137,0.0,3.369999885559082,2.9800000190734863,3.259999990463257,0.0,12958300
2025-02-19,3.380000114440918,3.380000114440918,0.0,3.5299999713897705,2.9800000190734863,3.015000104904175,0.0,20505100
2025-02-20,3.7300000190734863,3.7300000190734863,0.0,3.9800000190734863,3.609999895095825,3.809999942779541,0.0,29976800
2025-02-21,3.3299999237060547,3.3299999237060547,0.0,3.7799999713897705,3.319999933242798,3.615000009536743,0.0,18062800
2025-02-24,3.049999952316284,3.049999952316284,0.0,3.4200000762939453,3.049999952316284,3.2799999713897705,0.0,10199300
2025-02-25,3.1500000953674316,3.1500000953674316,0.0,3.319999933242798,2.9100000858306885,3.0220000743865967,0.0,15959400
2025-02-26,3.0899999141693115,3.0899999141693115,0.0,3.359999895095825,3.049999952316284,3.1500000953674316,0.0,9245400
2025-02-27,2.990000009536743,2.990000009536743,0.0,3.390000104904175,2.950000047683716,3.2699999809265137,0.0,10935900
2025-02-28,2.880000114440918,2.880000114440918,0.0,3.0199999809265137,2.799999952316284,2.9000000953674316,0.0,8134000
2025-03-03,2.2699999809265137,2.2699999809265137,0.0,2.930000066757202,2.244999885559082,2.9200000762939453,0.0,13542000
2025-03-04,2.4000000953674316,2.4000000953674316,0.0,2.5350000858306885,1.9900000095367432,2.0299999713897705,0.0,15552800
2025-03-05,2.549999952316284,2.549999952316284,0.0,2.680000066757202,2.390000104904175,2.5799999237060547,0.0,11471700
2025-03-06,2.680000066757202,2.680000066757202,0.0,2.940000057220459,2.390000104904175,2.490000009536743,0.0,18604100
2025-03-07,2.930000066757202,2.930000066757202,0.0,2.930000066757202,2.569999933242798,2.6700000762939453,0.0,10641800
2025-03-10,2.5999999046325684,2.5999999046325684,0.0,2.880000114440918,2.5,2.7699999809265137,0.0,8431600
2025-03-11,2.5999999046325684,2.5999999046325684,0.0,2.6600000858306885,2.4000000953674316,2.509999990463257,0.0,6728500
2025-03-12,2.7899999618530273,2.7899999618530273,0.0,2.8399999141693115,2.619999885559082,2.7100000381469727,0.0,8993700
2025-03-13,2.740000009536743,2.740000009536743,0.0,2.940000057220459,2.6600000858306885,2.690000057220459,0.0,9302100
2025-03-14,3.319999933242798,3.319999933242798,0.0,3.3499999046325684,2.8499999046325684,2.859999895095825,0.0,24054900
2025-03-17,3.759999990463257,3.759999990463257,0.0,3.9000000953674316,3.5299999713897705,3.734999895095825,0.0,24498000
2025-03-18,3.3399999141693115,3.3399999141693115,0.0,3.7100000381469727,3.2100000381469727,3.440000057220459,0.0,14424100
2025-03-19,3.450000047683716,3.450000047683716,0.0,3.5799999237060547,3.2799999713897705,3.440000057220459,0.0,8298100
2025-03-20,3.0999999046325684,3.0999999046325684,0.0,3.390000104904175,3.069999933242798,3.2149999141693115,0.0,10324900
2025-03-21,2.9800000190734863,2.9800000190734863,0.0,3.065000057220459,2.7899999618530273,2.8499999046325684,0.0,8207700
2025-03-24,3.1600000858306885,3.1600000858306885,0.0,3.2190001010894775,3.0799999237060547,3.0799999237060547,0.0,6984600
2025-03-25,3.069999933242798,3.069999933242798,0.0,3.130000114440918,3.009999990463257,3.109999895095825,0.0,4498000
2025-03-26,2.930000066757202,2.930000066757202,0.0,3.190000057220459,2.9100000858306885,3.069999933242798,0.0,5641300
2025-03-27,2.8499999046325684,2.8499999046325684,0.0,3.0,2.799999952316284,2.930000066757202,0.0,5588800
2025-03-28,2.630000114440918,2.630000114440918,0.0,2.809999942779541,2.5999999046325684,2.799999952316284,0.0,6233400
2025-03-31,2.5999999046325684,2.5999999046325684,0.0,2.5999999046325684,2.4800000190734863,2.5,0.0,4786000
2025-04-01,2.7300000190734863,2.7300000190734863,0.0,2.7899999618530273,2.509999990463257,2.640000104904175,0.0,5683600
2025-04-02,2.7799999713897705,2.7799999713897705,0.0,2.8399999141693115,2.559999942779541,2.5999999046325684,0.0,5524700
2025-04-03,2.549999952316284,2.549999952316284,0.0,2.6600000858306885,2.5,2.5299999713897705,0.0,4583900
2025-04-04,2.3499999046325684,2.3499999046325684,0.0,2.5299999713897705,2.2200000286102295,2.450000047683716,0.0,5776500
2025-04-07,2.430000066757202,2.430000066757202,0.0,2.555000066757202,2.119999885559082,2.1600000858306885,0.0,6758300
2025-04-08,2.319999933242798,2.319999933242798,0.0,2.6700000762939453,2.2799999713897705,2.5799999237060547,0.0,8109000
2025-04-09,2.6700000762939453,2.6700000762939453,0.0,2.690000057220459,2.2799999713897705,2.299999952316284,0.0,7678900
2025-04-10,2.549999952316284,2.549999952316284,0.0,2.640000104904175,2.4600000381469727,2.6050000190734863,0.0,5216300
2025-04-11,2.5799999237060547,2.5799999237060547,0.0,2.635999917984009,2.4600000381469727,2.5799999237060547,0.0,4908800
2025-04-14,2.549999952316284,2.549999952316284,0.0,2.7799999713897705,2.505000114440918,2.680000066757202,0.0,4506000
2025-04-15,2.5199999809265137,2.5199999809265137,0.0,2.6050000190734863,2.5,2.509999990463257,0.0,2221200
2025-04-16,2.430000066757202,2.430000066757202,0.0,2.4800000190734863,2.359999895095825,2.4100000858306885,0.0,2637300
2025-04-17,2.3299999237060547,2.3299999237060547,0.0,2.509999990463257,2.315000057220459,2.440000057220459,0.0,2422800
2025-04-21,2.240000009536743,2.240000009536743,0.0,2.3399999141693115,2.180000066757202,2.3299999237060547,0.0,3142600
2025-04-22,2.3299999237060547,2.3299999237060547,0.0,2.359999895095825,2.25,2.2699999809265137,0.0,2756200
2025-04-23,2.509999990463257,2.509999990463257,0.0,2.5399999618530273,2.4100000858306885,2.4200000762939453,0.0,3622700
2025-04-24,2.609999895095825,2.609999895095825,0.0,2.680000066757202,2.5409998893737793,2.5450000762939453,0.0,3701300
2025-04-25,2.619999885559082,2.619999885559082,0.0,2.7300000190734863,2.549999952316284,2.5999999046325684,0.0,3838300
2025-04-28,2.5999999046325684,2.5999999046325684,0.0,2.75,2.549999952316284,2.619999885559082,0.0,2751400
2025-04-29,2.5799999237060547,2.5799999237060547,0.0,2.6600000858306885,2.5399999618530273,2.6600000858306885,0.0,2109300
2025-04-30,2.430000066757202,2.430000066757202,0.0,2.4800000190734863,2.369999885559082,2.4800000190734863,0.0,3012400
2025-05-01,2.490000009536743,2.490000009536743,0.0,2.509999990463257,2.4200000762939453,2.5,0.0,2174600
2025-05-02,2.869999885559082,2.869999885559082,0.0,2.9000000953674316,2.5,2.505000114440918,0.0,8498700
2025-05-05,2.369999885559082,2.369999885559082,0.0,2.8299999237060547,2.180000066757202,2.7850000858306885,0.0,11332800
2025-05-06,2.3399999141693115,2.3399999141693115,0.0,2.359999895095825,2.2699999809265137,2.3299999237060547,0.0,3870800
2025-05-07,2.3399999141693115,2.3399999141693115,0.0,2.390000104904175,2.2799999713897705,2.390000104904175,0.0,4240700
2025-05-08,2.509999990463257,2.509999990463257,0.0,2.569999933242798,2.3499999046325684,2.450000047683716,0.0,8947500
2025-05-09,2.359999895095825,2.359999895095825,0.0,2.5,2.3299999237060547,2.5,0.0,7135800
2025-05-12,2.390000104904175,2.390000104904175,0.0,2.569999933242798,2.380000114440918,2.4800000190734863,0.0,7418300
2025-05-13,2.369999885559082,2.369999885559082,0.0,2.4600000381469727,2.3499999046325684,2.4200000762939453,0.0,5222600
2025-05-14,2.440000057220459,2.440000057220459,0.0,2.5299999713897705,2.319999933242798,2.430000066757202,0.0,11639000
2025-05-15,2.369999885559082,2.369999885559082,0.0,2.430000066757202,2.3499999046325684,2.4200000762939453,0.0,4549500
2025-05-16,2.5799999237060547,2.5799999237060547,0.0,2.700000047683716,2.380000114440918,2.4100000858306885,0.0,17118100
2025-05-19,3.0999999046325684,3.0999999046325684,0.0,3.109999895095825,2.4000000953674316,2.450000047683716,0.0,26671400
2025-05-20,3.25,3.25,0.0,3.5299999713897705,3.109999895095825,3.4000000953674316,0.0,34529300
2025-05-21,3.450000047683716,3.450000047683716,0.0,4.340000152587891,3.25,3.3299999237060547,0.0,68336100
2025-05-22,3.7100000381469727,3.7100000381469727,0.0,4.150000095367432,3.450000047683716,3.6700000762939453,0.0,45634500
2025-05-23,3.4800000190734863,3.4800000190734863,0.0,3.755000114440918,3.4000000953674316,3.549999952316284,0.0,27957200
2025-05-27,3.6600000858306885,3.6600000858306885,0.0,4.21999979019165,3.609999895095825,3.825000047683716,0.0,30740400
2025-05-28,3.700000047683716,3.700000047683716,0.0,3.890000104904175,3.5799999237060547,3.875,0.0,13091900
2025-05-29,3.690000057220459,3.690000057220459,0.0,3.9100000858306885,3.615000009536743,3.809999942779541,0.0,9473800
2025-05-30,3.3499999046325684,3.3499999046325684,0.0,3.549999952316284,3.2799999713897705,3.490000009536743,0.0,9836300
2025-06-02,3.380000114440918,3.380000114440918,0.0,3.430000066757202,3.2100000381469727,3.309999942779541,0.0,6694400
2025-06-03,3.4600000381469727,3.4600000381469727,0.0,3.6389999389648438,3.369999885559082,3.4700000286102295,0.0,8383700
2025-06-04,3.5299999713897705,3.5299999713897705,0.0,3.5399999618530273,3.390000104904175,3.4800000190734863,0.0,6177000
2025-06-05,3.25,3.25,0.0,3.5250000953674316,3.1600000858306885,3.5250000953674316,0.0,7170900
2025-06-06,3.4600000381469727,3.4600000381469727,0.0,3.509999990463257,3.257999897003174,3.299999952316284,0.0,5137700
2025-06-09,3.9100000858306885,3.9100000858306885,0.0,3.9700000286102295,3.4800000190734863,3.569999933242798,0.0,20918300
2025-06-10,3.930000066757202,3.930000066757202,0.0,4.269999980926514,3.859999895095825,4.105000019073486,0.0,16395000
2025-06-11,4.420000076293945,4.420000076293945,0.0,4.539999961853027,4.019999980926514,4.135000228881836,0.0,32956600
2025-06-12,4.25,4.25,0.0,4.440000057220459,4.184999942779541,4.309999942779541,0.0,11495200
2025-06-13,3.940000057220459,3.940000057220459,0.0,4.199999809265137,3.819999933242798,3.930000066757202,0.0,12359800
2025-06-16,3.9600000381469727,3.9600000381469727,0.0,4.119999885559082,3.9000000953674316,4.059999942779541,0.0,7998000
2025-06-17,3.759999990463257,3.759999990463257,0.0,3.9210000038146973,3.690000057220459,3.9100000858306885,0.0,7761700
2025-06-18,3.7100000381469727,3.7100000381469727,0.0,3.8299999237060547,3.690000057220459,3.7200000286102295,0.0,5916600
2025-06-20,3.950000047683716,3.950000047683716,0.0,4.099999904632568,3.759999990463257,3.759999990463257,0.0,11339600
2025-06-23,3.615000009536743,3.615000009536743,0.0,3.7899999618530273,3.430000066757202,3.7799999713897705,0.0,13137200
2025-06-24,3.8299999237060547,3.8299999237060547,0.0,4.239999771118164,3.8299999237060547,3.9000000953674316,0.0,14846900
2025-06-25,3.9000000953674316,3.9000000953674316,0.0,4.215000152587891,3.869999885559082,4.215000152587891,0.0,13677900
2025-06-26,4.519999980926514,4.519999980926514,0.0,4.635000228881836,3.9100000858306885,3.9749999046325684,0.0,21449600
2025-06-27,4.050000190734863,4.050000190734863,0.0,4.434999942779541,3.9000000953674316,4.385000228881836,0.0,15668500
2025-06-30,4.03000020980835,4.03000020980835,0.0,4.130000114440918,4.010000228881836,4.130000114440918,0.0,7904000
2025-07-01,3.9049999713897705,3.9049999713897705,0.0,4.005000114440918,3.809999942779541,4.005000114440918,0.0,6658500
2025-07-02,4.070000171661377,4.070000171661377,0.0,4.079999923706055,3.8499999046325684,3.9000000953674316,0.0,8423100
2025-07-03,3.9700000286102295,3.9700000286102295,0.0,4.159999847412109,3.9100000858306885,4.09499979019165,0.0,6385100
2025-07-07,3.9100000858306885,3.9100000858306885,0.0,4.010000228881836,3.819999933242798,3.9800000190734863,0.0,7359000
2025-07-08,3.9700000286102295,3.9700000286102295,0.0,4.28000020980835,3.9200000762939453,3.9549999237060547,0.0,11833400
2025-07-09,3.890000104904175,3.890000104904175,0.0,4.09499979019165,3.7200000286102295,4.03000020980835,0.0,11904400
2025-07-10,3.819999933242798,3.819999933242798,0.0,3.934999942779541,3.7799999713897705,3.9000000953674316,0.0,6007400
2025-07-11,3.630000114440918,3.630000114440918,0.0,3.7699999809265137,3.609999895095825,3.75,0.0,7691000
2025-07-14,3.380000114440918,3.380000114440918,0.0,3.630000114440918,3.309999942779541,3.555000066757202,0.0,15901500
2025-07-15,3.359999895095825,3.359999895095825,0.0,3.5899999141693115,3.3299999237060547,3.5799999237060547,0.0,12845900
2025-07-16,3.5899999141693115,3.5899999141693115,0.0,3.619999885559082,3.359999895095825,3.484999895095825,0.0,14228100
2025-07-17,3.740000009536743,3.740000009536743,0.0,3.7699999809265137,3.4700000286102295,3.5999999046325684,0.0,14627700
2025-07-18,3.75,3.75,0.0,3.9600000381469727,3.680000066757202,3.880000114440918,0.0,16660000
2025-07-21,3.430000066757202,3.430000066757202,0.0,3.880000114440918,3.4200000762939453,3.815000057220459,0.0,17774700
2025-07-22,3.3499999046325684,3.3499999046325684,0.0,3.5399999618530273,3.25,3.5299999713897705,0.0,13970600
2025-07-23,3.430000066757202,3.430000066757202,0.0,3.4700000286102295,3.309999942779541,3.4149999618530273,0.0,7594700
2025-07-24,3.380000114440918,3.380000114440918,0.0,3.4700000286102295,3.369999885559082,3.450000047683716,0.0,5500200
2025-07-25,3.319999933242798,3.319999933242798,0.0,3.380000114440918,3.25,3.380000114440918,0.0,6658100
2025-07-28,3.2200000286102295,3.2200000286102295,0.0,3.4049999713897705,3.2100000381469727,3.3499999046325684,0.0,6719900
2025-07-29,3.0799999237060547,3.0799999237060547,0.0,3.242000102996826,3.059999942779541,3.2200000286102295,0.0,8008500
2025-07-30,3.190000057220459,3.190000057220459,0.0,3.299999952316284,3.0799999237060547,3.0899999141693115,0.0,8896300
2025-07-31,3.0899999141693115,3.0899999141693115,0.0,3.2899999618530273,3.0899999141693115,3.1500000953674316,0.0,6578000
2025-08-01,2.9800000190734863,2.9800000190734863,0.0,3.059999942779541,2.9200000762939453,2.9700000286102295,0.0,7305500
2025-08-04,2.990000009536743,2.990000009536743,0.0,3.075000047683716,2.9700000286102295,3.049999952316284,0.0,7677900
2025-08-05,2.930000066757202,2.930000066757202,0.0,3.049999952316284,2.930000066757202,3.005000114440918,0.0,6730500
2025-08-06,2.809999942779541,2.809999942779541,0.0,2.930000066757202,2.7899999618530273,2.9000000953674316,0.0,7254600
2025-08-07,2.740000009536743,2.740000009536743,0.0,2.871999979019165,2.6700000762939453,2.809999942779541,0.0,7711700
2025-08-08,2.680000066757202,2.680000066757202,0.0,2.819999933242798,2.6600000858306885,2.740000009536743,0.0,4667200
2025-08-11,2.819999933242798,2.819999933242798,0.0,2.9700000286102295,2.694999933242798,2.7149999141693115,0.0,7538100
2025-08-12,2.859999895095825,2.859999895095825,0.0,2.8949999809265137,2.7249999046325684,2.8949999809265137,0.0,5886700
2025-08-13,2.8399999141693115,2.8399999141693115,0.0,2.930000066757202,2.7799999713897705,2.880000114440918,0.0,5546400
2025-08-14,2.9000000953674316,2.9000000953674316,0.0,2.950000047683716,2.740000009536743,2.7799999713897705,0.0,4482400
2025-08-15,2.759999990463257,2.759999990463257,0.0,2.859999895095825,2.7300000190734863,2.8299999237060547,0.0,4457200
2025-08-18,2.740000009536743,2.740000009536743,0.0,2.7739999294281006,2.690000057220459,2.75,0.0,3312300
2025-08-19,2.559999942779541,2.559999942779541,0.0,2.7799999713897705,2.549999952316284,2.75,0.0,6260200
2025-08-20,2.5899999141693115,2.5899999141693115,0.0,2.5999999046325684,2.440000057220459,2.515000104904175,0.0,5023200
2025-08-21,2.5999999046325684,2.5999999046325684,0.0,2.619999885559082,2.5399999618530273,2.5999999046325684,0.0,2922100
2025-08-22,2.7699999809265137,2.7699999809265137,0.0,2.7799999713897705,2.561000108718872,2.609999895095825,0.0,4232100
2025-08-25,2.809999942779541,2.809999942779541,0.0,2.8299999237060547,2.680000066757202,2.744999885559082,0.0,4632700
2025-08-26,2.8299999237060547,2.8299999237060547,0.0,2.875,2.7699999809265137,2.799999952316284,0.0,2981200
2025-08-27,2.7300000190734863,2.7300000190734863,0.0,2.859999895095825,2.7300000190734863,2.8499999046325684,0.0,3353400
2025-08-28,2.7899999618530273,2.7899999618530273,0.0,2.8499999046325684,2.7300000190734863,2.7699999809265137,0.0,4141500
2025-08-29,2.690000057220459,2.690000057220459,0.0,2.799999952316284,2.6700000762939453,2.799999952316284,0.0,3509800
2025-09-02,2.609999895095825,2.609999895095825,0.0,2.6619999408721924,2.5399999618530273,2.5999999046325684,0.0,3620800
2025-09-03,2.549999952316284,2.549999952316284,0.0,2.6649999618530273,2.5299999713897705,2.6600000858306885,0.0,3286800
2025-09-04,2.609999895095825,2.609999895095825,0.0,2.619999885559082,2.5399999618530273,2.549999952316284,0.0,2401200
2025-09-05,2.569999933242798,2.569999933242798,0.0,2.6559998989105225,2.5399999618530273,2.609999895095825,0.0,2192600
2025-09-08,2.5299999713897705,2.5299999713897705,0.0,2.630000114440918,2.515000104904175,2.569999933242798,0.0,2670600
2025-09-09,2.680000066757202,2.680000066757202,0.0,2.690000057220459,2.490000009536743,2.5299999713897705,0.0,4301300
2025-09-10,2.6600000858306885,2.6600000858306885,0.0,2.875999927520752,2.5999999046325684,2.8299999237060547,0.0,7737000
2025-09-11,2.869999885559082,2.869999885559082,0.0,2.880000114440918,2.680000066757202,2.690000057220459,0.0,5192300
2025-09-12,3.369999885559082,3.369999885559082,0.0,3.4000000953674316,2.8550000190734863,2.890000104904175,0.0,21032000
2025-09-15,3.4000000953674316,3.4000000953674316,0.0,3.5399999618530273,3.190000057220459,3.4200000762939453,0.0,18448400
2025-09-16,3.440000057220459,3.440000057220459,0.0,3.5,3.2799999713897705,3.4200000762939453,0.0,8044100
2025-09-17,3.680000066757202,3.680000066757202,0.0,3.759999990463257,3.3499999046325684,3.4000000953674316,0.0,15835600
2025-09-18,3.609999895095825,3.609999895095825,0.0,4.0,3.5999999046325684,3.927000045776367,0.0,22550900
2025-09-19,4.289999961853027,4.289999961853027,0.0,4.340000152587891,3.559999942779541,3.559999942779541,0.0,37206000
2025-09-22,4.210000038146973,4.210000038146973,0.0,4.795000076293945,3.9000000953674316,4.349999904632568,0.0,43564200
2025-09-23,3.990000009536743,3.990000009536743,0.0,4.480000019073486,3.880000114440918,4.46999979019165,0.0,26439500
2025-09-24,3.75,3.75,0.0,4.070000171661377,3.700000047683716,4.059999942779541,0.0,21071800
2025-09-25,3.9200000762939453,3.9200000762939453,0.0,4.130000114440918,3.5,3.549999952316284,0.0,28079000
2025-09-26,3.7699999809265137,3.7699999809265137,0.0,4.130000114440918,3.700000047683716,3.990000009536743,0.0,20917100
2025-09-29,3.6500000953674316,3.6500000953674316,0.0,4.019999980926514,3.609999895095825,3.8299999237060547,0.0,16899900
2025-09-30,3.740000009536743,3.740000009536743,0.0,3.940000057220459,3.569999933242798,3.6700000762939453,0.0,12019600
2025-10-01,3.990000009536743,3.990000009536743,0.0,4.070000171661377,3.700000047683716,3.7200000286102295,0.0,16105400
2025-10-02,4.309999942779541,4.309999942779541,0.0,4.440000057220459,3.940000057220459,4.059999942779541,0.0,26143500
2025-10-03,4.639999866485596,4.639999866485596,0.0,4.849999904632568,4.310999870300293,4.5,0.0,37532700
2025-10-06,5.03000020980835,5.03000020980835,0.0,5.369999885559082,4.170000076293945,4.559999942779541,0.0,51000200
2025-10-07,4.309999942779541,4.309999942779541,0.0,5.300000190734863,4.289999961853027,5.215000152587891,0.0,50751100
2025-10-08,4.360000133514404,4.360000133514404,0.0,4.46999979019165,4.210000038146973,4.46999979019165,0.0,22343100
2025-10-09,6.090000152587891,6.090000152587891,0.0,6.110000133514404,4.400000095367432,4.630000114440918,0.0,120290900
2025-10-10,5.409999847412109,5.409999847412109,0.0,6.510000228881836,5.349999904632568,6.510000228881836,0.0,105539400
2025-10-13,6.130000114440918,6.130000114440918,0.0,6.264999866485596,5.869999885559082,5.989999771118164,0.0,52722600
2025-10-14,7.650000095367432,7.650000095367432,0.0,7.980000019073486,6.070000171661377,6.114999771118164,0.0,119014900
2025-10-15,7.489999771118164,7.489999771118164,0.0,8.710000038146973,6.619999885559082,8.260000228881836,0.0,116314700
2025-10-16,6.360000133514404,6.360000133514404,0.0,7.749000072479248,6.099999904632568,7.650000095367432,0.0,61855900
2025-10-17,6.670000076293945,6.670000076293945,0.0,7.320000171661377,6.5,6.554999828338623,0.0,63416100
2025-10-20,6.480000019073486,6.480000019073486,0.0,7.659999847412109,6.409999847412109,7.369999885559082,0.0,67461200
2025-10-21,6.099999904632568,6.099999904632568,0.0,6.440000057220459,5.769999980926514,6.394999980926514,0.0,46644900
2025-10-22,5.400000095367432,5.400000095367432,0.0,5.960000038146973,5.119999885559082,5.695000171661377,0.0,42178300
2025-10-23,5.71999979019165,5.71999979019165,0.0,6.079999923706055,5.659999847412109,6.010000228881836,0.0,35560200
2025-10-24,7.010000228881836,7.010000228881836,0.0,7.079999923706055,5.800000190734863,5.920000076293945,0.0,56762600
2025-10-27,6.809999942779541,6.809999942779541,0.0,7.170000076293945,6.650000095367432,7.019999980926514,0.0,42735800
2025-10-28,6.369999885559082,6.369999885559082,0.0,7.639999866485596,6.349999904632568,6.699999809265137,0.0,61139600
2025-10-29,6.309999942779541,6.309999942779541,0.0,6.630000114440918,6.150000095367432,6.525000095367432,0.0,25093600
2025-10-30,6.889999866485596,6.889999866485596,0.0,7.099999904632568,6.039999961853027,6.244999885559082,0.0,38325200
2025-10-31,7.420000076293945,7.420000076293945,0.0,7.5,6.610000133514404,6.75,0.0,33676800
2025-11-03,6.449999809265137,6.449999809265137,0.0,7.260000228881836,6.349999904632568,7.159999847412109,0.0,29324400
2025-11-04,5.909999847412109,5.909999847412109,0.0,6.349999904632568,5.775000095367432,6.090000152587891,0.0,25190300
2025-11-05,6.579999923706055,6.579999923706055,0.0,6.820000171661377,5.949999809265137,6.130000114440918,0.0,22987500
2025-11-06,6.010000228881836,6.010000228881836,0.0,6.519999980926514,5.989999771118164,6.429999828338623,0.0,16722200
2025-11-07,6.159999847412109,6.159999847412109,0.0,6.204999923706055,5.449999809265137,5.630000114440918,0.0,22169100
2025-11-10,5.960000038146973,5.960000038146973,0.0,6.340000152587891,5.900000095367432,6.21999979019165,0.0,15343100
2025-11-11,5.53000020980835,5.53000020980835,0.0,5.860000133514404,5.389999866485596,5.849999904632568,0.0,15040100
2025-11-12,5.340000152587891,5.340000152587891,0.0,5.739999771118164,5.320000171661377,5.659999847412109,0.0,12422500
2025-11-13,4.869999885559082,4.869999885559082,0.0,5.429999828338623,4.800000190734863,5.050000190734863,0.0,19533500
2025-11-14,4.489999771118164,4.489999771118164,0.0,5.019999980926514,4.440000057220459,4.5,0.0,23662600
2025-11-17,4.119999885559082,4.119999885559082,0.0,4.699999809265137,4.039999961853027,4.630000114440918,0.0,22166500
2025-11-18,4.164999961853027,4.164999961853027,0.0,4.320000171661377,3.9749999046325684,4.050000190734863,0.0,18364300
2025-11-19,3.940000057220459,3.940000057220459,0.0,4.28000020980835,3.9200000762939453,4.260000228881836,0.0,15592400
2025-11-20,3.630000114440918,3.630000114440918,0.0,4.46999979019165,3.619999885559082,4.190000057220459,0.0,32209700
2025-11-21,3.7699999809265137,3.7699999809265137,0.0,3.7950000762939453,3.299999952316284,3.634999990463257,0.0,24322300
2025-11-24,4.150000095367432,4.150000095367432,0.0,4.199999809265137,3.759999990463257,3.809999942779541,0.0,17501700
2025-11-25,4.289999961853027,4.289999961853027,0.0,4.329999923706055,3.884000062942505,4.090000152587891,0.0,11782400
2025-11-26,4.179999828338623,4.179999828338623,0.0,4.380000114440918,4.050000190734863,4.349999904632568,0.0,10558300
2025-11-28,4.46999979019165,4.46999979019165,0.0,4.599999904632568,4.210000038146973,4.210000038146973,0.0,9900100
2025-12-01,4.179999828338623,4.179999828338623,0.0,4.440000057220459,4.159999847412109,4.409999847412109,0.0,11420500
2025-12-02,4.349999904632568,4.349999904632568,0.0,4.534999847412109,4.239999771118164,4.239999771118164,0.0,10395200
2025-12-03,4.690000057220459,4.690000057220459,0.0,4.690000057220459,4.239999771118164,4.394999980926514,0.0,9948500
2025-12-04,5.079999923706055,5.079999923706055,0.0,5.099999904632568,4.599999904632568,4.690000057220459,0.0,11627900
2025-12-05,4.860000133514404,4.860000133514404,0.0,4.974999904632568,4.670000076293945,4.949999809265137,0.0,10074800
2025-12-08,4.909999847412109,4.909999847412109,0.0,5.090000152587891,4.739999771118164,4.849999904632568,0.0,9567400
2025-12-09,4.909999847412109,4.909999847412109,0.0,4.909999847412109,4.449999809265137,4.800000190734863,0.0,12651300
2025-12-10,4.769999980926514,4.769999980926514,0.0,4.880000114440918,4.630000114440918,4.840000152587891,0.0,7433000
2025-12-11,4.71999979019165,4.71999979019165,0.0,4.829999923706055,4.5,4.644999980926514,0.0,8961700
2025-12-12,4.239999771118164,4.239999771118164,0.0,4.71999979019165,4.170000076293945,4.670000076293945,0.0,11283900
2025-12-15,3.9000000953674316,3.9000000953674316,0.0,4.360000133514404,3.9000000953674316,4.320000171661377,0.0,10439600
2025-12-16,4.130000114440918,4.130000114440918,0.0,4.21999979019165,3.9149999618530273,3.9149999618530273,0.0,7979400
2025-12-17,3.859999895095825,3.859999895095825,0.0,4.300000190734863,3.8399999141693115,4.190000057220459,0.0,7529900
2025-12-18,4.179999828338623,4.179999828338623,0.0,4.260000228881836,4.031000137329102,4.190000057220459,0.0,8990800
2025-12-19,4.199999809265137,4.199999809265137,0.0,4.400000095367432,4.03000020980835,4.199999809265137,0.0,10268700
2025-12-22,4.420000076293945,4.420000076293945,0.0,4.760000228881836,4.289999961853027,4.309999942779541,0.0,12986300
2025-12-23,4.159999847412109,4.159999847412109,0.0,4.440000057220459,4.110000133514404,4.380000114440918,0.0,8201200
2025-12-24,4.159999847412109,4.159999847412109,0.0,4.210000038146973,4.03000020980835,4.204999923706055,0.0,5516900
2025-12-26,4.010000228881836,4.010000228881836,0.0,4.099999904632568,3.930000066757202,4.090000152587891,0.0,8531400
2025-12-29,3.9100000858306885,3.9100000858306885,0.0,4.070000171661377,3.8299999237060547,3.8949999809265137,0.0,10688000
2025-12-30,3.930000066757202,3.930000066757202,0.0,3.990000009536743,3.8399999141693115,3.9600000381469727,0.0,5727000
2025-12-31,3.7799999713897705,3.7799999713897705,0.0,3.9700000286102295,3.7100000381469727,3.9200000762939453,0.0,8046200
2026-01-02,4.239999771118164,4.239999771118164,0.0,4.25,3.8299999237060547,3.9149999618530273,0.0,8127700
2026-01-05,4.349999904632568,4.349999904632568,0.0,4.554999828338623,4.340000152587891,4.400000095367432,0.0,8845300
2026-01-06,4.210000038146973,4.210000038146973,0.0,4.349999904632568,4.019999980926514,4.349999904632568,0.0,11577500
2026-01-07,4.110000133514404,4.110000133514404,0.0,4.322999954223633,4.070000171661377,4.269999980926514,0.0,7060000
2026-01-08,4.130000114440918,4.130000114440918,0.0,4.25,4.010000228881836,4.050000190734863,0.0,4746700
2026-01-09,4.159999847412109,4.159999847412109,0.0,4.380000114440918,4.159999847412109,4.190000057220459,0.0,7837200
2026-01-12,4.349999904632568,4.349999904632568,0.0,4.505000114440918,4.070000171661377,4.150000095367432,0.0,9479700
2026-01-13,4.309999942779541,4.309999942779541,0.0,4.46999979019165,4.150000095367432,4.380000114440918,0.0,6106500
2026-01-14,4.309999942779541,4.309999942779541,0.0,4.335000038146973,4.170000076293945,4.300000190734863,0.0,6734100
2026-01-15,4.650000095367432,4.650000095367432,0.0,4.929999828338623,4.295000076293945,4.360000133514404,0.0,17796500
2026-01-16,4.559999942779541,4.559999942779541,0.0,4.849999904632568,4.510000228881836,4.809999942779541,0.0,11390700
2026-01-20,4.489999771118164,4.489999771118164,0.0,4.78000020980835,4.25,4.329999923706055,0.0,12963300
2026-01-21,4.639999866485596,4.639999866485596,0.0,4.849999904632568,4.170000076293945,4.539999961853027,0.0,16769200
2026-01-22,5.179999828338623,5.179999828338623,0.0,5.480000019073486,4.755000114440918,4.78000020980835,0.0,26860000
2026-01-23,4.920000076293945,4.920000076293945,0.0,5.304999828338623,4.90500020980835,5.304999828338623,0.0,13286300
2026-01-26,4.460000038146973,4.460000038146973,0.0,4.900000095367432,4.400000095367432,4.849999904632568,0.0,13211500
2026-01-27,4.760000228881836,4.760000228881836,0.0,4.840000152587891,4.385000228881836,4.5,0.0,8899400
2026-01-28,4.590000152587891,4.590000152587891,0.0,4.769999980926514,4.519999980926514,4.760000228881836,0.0,6630000
2026-01-29,4.320000171661377,4.320000171661377,0.0,4.550000190734863,4.199999809265137,4.525000095367432,0.0,8386900
2026-01-30,4.110000133514404,4.110000133514404,0.0,4.329999923706055,4.099999904632568,4.210000038146973,0.0,8300700
2026-02-02,4.059999942779541,4.059999942779541,0.0,4.275000095367432,3.9100000858306885,4.099999904632568,0.0,7629700
2026-02-03,4.190000057220459,4.190000057220459,0.0,4.25,3.9649999141693115,4.199999809265137,0.0,5521900
2026-02-04,4.0,4.0,0.0,4.144999980926514,3.8499999046325684,4.119999885559082,0.0,8898600
2026-02-05,3.5199999809265137,3.5199999809265137,0.0,3.9800000190734863,3.5,3.819999933242798,0.0,10333500
2026-02-06,4.0,4.0,0.0,4.110000133514404,3.759999990463257,3.7699999809265137,0.0,7784200
2026-02-09,3.9600000381469727,3.9600000381469727,0.0,4.039000034332275,3.8499999046325684,3.990000009536743,0.0,5033000
2026-02-10,4.059999942779541,4.059999942779541,0.0,4.199999809265137,3.9800000190734863,4.048999786376953,0.0,6657000
2026-02-11,4.0,4.0,0.0,4.125,3.884000062942505,4.125,0.0,5214400
2026-02-12,3.8399999141693115,3.8399999141693115,0.0,4.010000228881836,3.759999990463257,4.010000228881836,0.0,4205000
2026-02-13,3.8499999046325684,3.8499999046325684,0.0,3.9700000286102295,3.759999990463257,3.8499999046325684,0.0,3765500
2026-02-17,3.880000114440918,3.880000114440918,0.0,3.9749999046325684,3.5999999046325684,3.8399999141693115,0.0,5401800
2026-02-18,3.9000000953674316,3.9000000953674316,0.0,4.019999980926514,3.8350000381469727,3.950000047683716,0.0,3286500
2026-02-19,3.9100000858306885,3.9100000858306885,0.0,3.9600000381469727,3.799999952316284,3.869999885559082,0.0,2226300
2026-02-20,3.950000047683716,3.950000047683716,0.0,3.9549999237060547,3.7799999713897705,3.8399999141693115,0.0,3813100
2026-02-23,3.7699999809265137,3.7699999809265137,0.0,3.8299999237060547,3.680000066757202,3.809999942779541,0.0,3608400
2026-02-24,3.9200000762939453,3.9200000762939453,0.0,3.940000057220459,3.680000066757202,3.740000009536743,0.0,3439500
2026-02-25,4.039999961853027,4.039999961853027,0.0,4.199999809265137,3.9100000858306885,3.9200000762939453,0.0,4765500
2026-02-26,4.130000114440918,4.130000114440918,0.0,4.210000038146973,3.950000047683716,4.159999847412109,0.0,4549200
2026-02-27,3.930000066757202,3.930000066757202,0.0,4.019999980926514,3.9000000953674316,3.9700000286102295,0.0,3904200
2026-03-02,4.010000228881836,4.010000228881836,0.0,4.110000133514404,3.640000104904175,3.700000047683716,0.0,7116700
2026-03-03,3.9200000762939453,3.9200000762939453,0.0,4.090000152587891,3.812000036239624,3.812000036239624,0.0,7257800
2026-03-04,4.190000057220459,4.190000057220459,0.0,4.300000190734863,3.9200000762939453,3.9700000286102295,0.0,8794200
2026-03-05,4.239999771118164,4.239999771118164,0.0,4.349999904632568,4.090000152587891,4.130000114440918,0.0,8042800
2026-03-06,3.990000009536743,3.990000009536743,0.0,4.340000152587891,3.9800000190734863,4.059999942779541,0.0,7048700
2026-03-09,4.170000076293945,4.170000076293945,0.0,4.239999771118164,3.8499999046325684,3.9000000953674316,0.0,4829200
2026-03-10,4.010000228881836,4.010000228881836,0.0,4.210000038146973,4.010000228881836,4.119999885559082,0.0,2989800
2026-03-11,3.9800000190734863,3.9800000190734863,0.0,4.139999866485596,3.930000066757202,4.090000152587891,0.0,2768400
2026-03-12,3.9200000762939453,3.9200000762939453,0.0,3.9700000286102295,3.869999885559082,3.950000047683716,0.0,3239300
2026-03-13,3.859999895095825,3.859999895095825,0.0,4.050000190734863,3.809999942779541,3.990000009536743,0.0,3261000
2026-03-16,3.200000047683716,3.200000047683716,0.0,3.5799999237060547,3.0399999618530273,3.549999952316284,0.0,31851600
2026-03-17,3.1050000190734863,3.1050000190734863,0.0,3.309999942779541,3.0899999141693115,3.305000066757202,0.0,14153100
2026-03-18,3.009999990463257,3.009999990463257,0.0,3.109999895095825,2.9700000286102295,3.059999942779541,0.0,7616200
2026-03-19,3.069999933242798,3.069999933242798,0.0,3.1600000858306885,2.865000009536743,2.9100000858306885,0.0,7405000
2026-03-20,2.9600000381469727,2.9600000381469727,0.0,3.059999942779541,2.9100000858306885,3.0399999618530273,0.0,4220200
2026-03-23,2.9600000381469727,2.9600000381469727,0.0,3.069999933242798,2.930000066757202,3.0,0.0,4411200
2026-03-24,2.880000114440918,2.880000114440918,0.0,2.990000009536743,2.8350000381469727,2.9100000858306885,0.0,3981600
2026-03-25,2.869999885559082,2.869999885559082,0.0,3.0199999809265137,2.8499999046325684,2.9100000858306885,0.0,4351500
2026-03-26,2.6700000762939453,2.6700000762939453,0.0,2.819999933242798,2.6600000858306885,2.799999952316284,0.0,5130700
2026-03-27,2.450000047683716,2.450000047683716,0.0,2.630000114440918,2.440000057220459,2.619999885559082,0.0,7441100
2026-03-30,2.309999942779541,2.309999942779541,0.0,2.4800000190734863,2.234999895095825,2.450000047683716,0.0,8458200
2026-03-31,2.619999885559082,2.619999885559082,0.0,2.680000066757202,2.3499999046325684,2.3499999046325684,0.0,8514500
2026-04-01,2.509999990463257,2.509999990463257,0.0,2.815000057220459,2.4800000190734863,2.7950000762939453,0.0,11322400
2026-04-02,2.5,2.5,0.0,2.5199999809265137,2.309999942779541,2.369999885559082,0.0,6487700
2026-04-06,2.380000114440918,2.380000114440918,0.0,2.5299999713897705,2.3550000190734863,2.4600000381469727,0.0,6419800
2026-04-07,2.119999885559082,2.119999885559082,0.0,2.319999933242798,2.109999895095825,2.309999942779541,0.0,20350400
2026-04-08,2.140000104904175,2.140000104904175,0.0,2.430000066757202,2.130000114440918,2.380000114440918,0.0,19333400
2026-04-09,2.0899999141693115,2.0899999141693115,0.0,2.130000114440918,2.0199999809265137,2.125,0.0,10866200
2026-04-10,2.0999999046325684,2.0999999046325684,0.0,2.1700000762939453,2.049999952316284,2.0850000381469727,0.0,9392800
2026-04-13,2.140000104904175,2.140000104904175,0.0,2.1500000953674316,1.9900000095367432,2.049999952316284,0.0,13060400
2026-04-14,2.5899999141693115,2.5899999141693115,0.0,2.619999885559082,2.2300000190734863,2.25,0.0,23420000
2026-04-15,2.799999952316284,2.799999952316284,0.0,2.9200000762939453,2.6700000762939453,2.805000066757202,0.0,44637800
2026-04-16,2.75,2.75,0.0,2.7799999713897705,2.569999933242798,2.7300000190734863,0.0,34457600
2026-04-17,2.700000047683716,2.700000047683716,0.0,2.869999885559082,2.640000104904175,2.8299999237060547,0.0,18592900
2026-04-20,2.940000057220459,2.940000057220459,0.0,2.9600000381469727,2.630000114440918,2.640000104904175,0.0,18297500
2026-04-21,2.9600000381469727,2.9600000381469727,0.0,3.2799999713897705,2.940000057220459,3.0,0.0,21370100
2026-04-22,3.059999942779541,3.059999942779541,0.0,3.180000066757202,2.9600000381469727,3.0199999809265137,0.0,13390300
2026-04-23,2.809999942779541,2.809999942779541,0.0,3.0199999809265137,2.7799999713897705,3.0199999809265137,0.0,11131800
2026-04-24,2.950000047683716,2.950000047683716,0.0,2.990000009536743,2.809999942779541,2.890000104904175,0.0,7560500
2026-04-27,2.8499999046325684,2.8499999046325684,0.0,2.9200000762939453,2.7699999809265137,2.888000011444092,0.0,6498300
2026-04-28,2.7699999809265137,2.7699999809265137,0.0,2.7799999713897705,2.680000066757202,2.7699999809265137,0.0,5707800
2026-04-29,2.640000104904175,2.640000104904175,0.0,2.7699999809265137,2.609999895095825,2.759999990463257,0.0,4665400
2026-04-30,2.9000000953674316,2.9000000953674316,0.0,2.9200000762939453,2.625,2.630000114440918,0.0,6205800
2026-05-01,2.869999885559082,2.869999885559082,0.0,2.9100000858306885,2.7799999713897705,2.9000000953674316,0.0,4459600
2026-05-04,2.9700000286102295,2.9700000286102295,0.0,3.200000047683716,2.8399999141693115,2.8949999809265137,0.0,15457400
2026-05-05,2.9100000858306885,2.9100000858306885,0.0,3.0,2.7799999713897705,2.9800000190734863,0.0,9928900
2026-05-06,3.319999933242798,3.319999933242798,0.0,3.359999895095825,2.9200000762939453,2.950000047683716,0.0,15728500
2026-05-07,3.049999952316284,3.049999952316284,0.0,3.2899999618530273,3.009999990463257,3.240000009536743,0.0,9984300
2026-05-08,2.9200000762939453,2.9200000762939453,0.0,3.075000047683716,2.869999885559082,3.075000047683716,0.0,11124000
2026-05-11,3.059999942779541,3.059999942779541,0.0,3.1700000762939453,2.7899999618530273,2.859999895095825,0.0,13581800
2026-05-12,2.940000057220459,2.940000057220459,0.0,3.240000009536743,2.865000009536743,3.049999952316284,0.0,12715700
2026-05-13,2.9600000381469727,2.9600000381469727,0.0,3.0899999141693115,2.9000000953674316,3.0,0.0,9361300
2026-05-14,3.0899999141693115,3.0899999141693115,0.0,3.130000114440918,2.8299999237060547,2.9000000953674316,0.0,10810000
2026-05-15,2.869999885559082,2.869999885559082,0.0,2.944999933242798,2.819999933242798,2.930000066757202,0.0,8150400
2026-05-18,2.7899999618530273,2.7899999618530273,0.0,2.890000104904175,2.690000057220459,2.880000114440918,0.0,10598900
2026-05-19,2.7100000381469727,2.7100000381469727,0.0,2.75,2.559999942779541,2.7100000381469727,0.0,9101700
2026-05-20,2.8499999046325684,2.8499999046325684,0.0,2.859999895095825,2.7049999237060547,2.7249999046325684,0.0,8623800
2026-05-21,3.2699999809265137,3.2699999809265137,0.0,3.369999885559082,2.9149999618530273,2.9200000762939453,0.0,35480800
2026-05-22,3.380000114440918,3.380000114440918,0.0,3.559999942779541,3.25,3.259999990463257,0.0,31404200
2026-05-26,3.559999942779541,3.559999942779541,0.0,3.9000000953674316,3.4800000190734863,3.509999990463257,0.0,33216500
2026-05-27,3.4800000190734863,3.4800000190734863,0.0,3.5250000953674316,3.25,3.4200000762939453,0.0,21504100
2026-05-28,3.7200000286102295,3.7200000286102295,0.0,3.8299999237060547,3.4100000858306885,3.4800000190734863,0.0,22262700
2026-05-29,3.4800000190734863,3.4800000190734863,0.0,3.6600000858306885,3.359999895095825,3.6500000953674316,0.0,19815400
2026-06-01,3.549999952316284,3.549999952316284,0.0,3.640000104904175,3.3399999141693115,3.390000104904175,0.0,16328800
2026-06-02,3.7100000381469727,3.7100000381469727,0.0,3.8399999141693115,3.5450000762939453,3.559999942779541,0.0,18754700
2026-06-03,3.4600000381469727,3.4600000381469727,0.0,3.6600000858306885,3.430000066757202,3.6500000953674316,0.0,17232600
2026-06-04,3.6500000953674316,3.6500000953674316,0.0,3.799999952316284,3.359999895095825,3.359999895095825,0.0,22238400
2026-06-05,3.200000047683716,3.200000047683716,0.0,3.559999942779541,3.059999942779541,3.5360000133514404,0.0,17893700
