Date,ticker,source,Open,High,Low,Close,Adj Close,Volume,Dividends,Stock Splits,adj_factor,adj_open,adj_close
2024-05-31,SMTK,yfinance,13.0,13.0,8.5,8.631999969482422,8.631999969482422,15300,0.0,0.0,1.0,13.0,8.631999969482422
2024-06-03,SMTK,yfinance,8.25,8.25,7.5,8.0,8.0,15600,0.0,0.0,1.0,8.25,8.0
2024-06-04,SMTK,yfinance,8.0,8.0,7.5,7.989999771118164,7.989999771118164,13100,0.0,0.0,1.0,8.0,7.989999771118164
2024-06-05,SMTK,yfinance,7.989999771118164,7.989999771118164,6.10699987411499,6.75,6.75,14500,0.0,0.0,1.0,7.989999771118164,6.75
2024-06-06,SMTK,yfinance,6.5,6.5,5.599999904632568,6.204999923706055,6.204999923706055,8100,0.0,0.0,1.0,6.5,6.204999923706055
2024-06-07,SMTK,yfinance,6.5,7.449999809265137,6.050000190734863,7.070000171661377,7.070000171661377,14300,0.0,0.0,1.0,6.5,7.070000171661377
2024-06-10,SMTK,yfinance,7.400000095367432,8.15999984741211,6.980000019073486,7.75,7.75,20000,0.0,0.0,1.0,7.400000095367432,7.75
2024-06-11,SMTK,yfinance,7.230000019073486,7.449999809265137,7.0,7.449999809265137,7.449999809265137,4100,0.0,0.0,1.0,7.230000019073486,7.449999809265137
2024-06-12,SMTK,yfinance,6.760000228881836,7.03000020980835,6.099999904632568,6.796999931335449,6.796999931335449,13000,0.0,0.0,1.0,6.760000228881836,6.796999931335449
2024-06-13,SMTK,yfinance,7.28000020980835,7.409999847412109,6.510000228881836,6.651000022888184,6.651000022888184,6400,0.0,0.0,1.0,7.28000020980835,6.651000022888184
2024-06-14,SMTK,yfinance,6.599999904632568,6.699999809265137,6.199999809265137,6.5,6.5,2500,0.0,0.0,1.0,6.599999904632568,6.5
2024-06-17,SMTK,yfinance,6.820000171661377,6.820000171661377,6.440000057220459,6.440000057220459,6.440000057220459,3900,0.0,0.0,1.0,6.820000171661377,6.440000057220459
2024-06-18,SMTK,yfinance,6.789999961853027,6.789999961853027,5.839000225067139,6.0,6.0,6900,0.0,0.0,1.0,6.789999961853027,6.0
2024-06-20,SMTK,yfinance,5.940000057220459,6.436999797821045,5.940000057220459,6.436999797821045,6.436999797821045,3400,0.0,0.0,1.0,5.940000057220459,6.436999797821045
2024-06-21,SMTK,yfinance,5.800000190734863,6.199999809265137,5.360000133514404,5.910999774932861,5.910999774932861,2700,0.0,0.0,1.0,5.800000190734863,5.910999774932861
2024-06-24,SMTK,yfinance,5.800000190734863,5.800000190734863,5.5,5.510000228881836,5.510000228881836,6300,0.0,0.0,1.0,5.800000190734863,5.510000228881836
2024-06-25,SMTK,yfinance,5.510000228881836,5.811999797821045,5.510000228881836,5.525000095367432,5.525000095367432,1700,0.0,0.0,1.0,5.510000228881836,5.525000095367432
2024-06-26,SMTK,yfinance,5.525000095367432,5.525000095367432,5.525000095367432,5.525000095367432,5.525000095367432,300,0.0,0.0,1.0,5.525000095367432,5.525000095367432
2024-06-27,SMTK,yfinance,5.75,5.75,5.122000217437744,5.236000061035156,5.236000061035156,3100,0.0,0.0,1.0,5.75,5.236000061035156
2024-06-28,SMTK,yfinance,5.829999923706055,5.849999904632568,5.300000190734863,5.735000133514404,5.735000133514404,2200,0.0,0.0,1.0,5.829999923706055,5.735000133514404
2024-07-01,SMTK,yfinance,5.258999824523926,5.400000095367432,5.110000133514404,5.300000190734863,5.300000190734863,2300,0.0,0.0,1.0,5.258999824523926,5.300000190734863
2024-07-02,SMTK,yfinance,5.265999794006348,5.265999794006348,5.179999828338623,5.25,5.25,700,0.0,0.0,1.0,5.265999794006348,5.25
2024-07-03,SMTK,yfinance,5.25,5.25,5.25,5.25,5.25,0,0.0,0.0,1.0,5.25,5.25
2024-07-05,SMTK,yfinance,5.25,5.25,5.25,5.25,5.25,0,0.0,0.0,1.0,5.25,5.25
2024-07-08,SMTK,yfinance,5.25,5.25,5.107999801635742,5.25,5.25,1400,0.0,0.0,1.0,5.25,5.25
2024-07-09,SMTK,yfinance,5.199999809265137,5.199999809265137,5.179999828338623,5.179999828338623,5.179999828338623,600,0.0,0.0,1.0,5.199999809265137,5.179999828338623
2024-07-10,SMTK,yfinance,5.099999904632568,6.25,5.099999904632568,5.789999961853027,5.789999961853027,4500,0.0,0.0,1.0,5.099999904632568,5.789999961853027
2024-07-11,SMTK,yfinance,5.980000019073486,6.269999980926514,5.949999809265137,6.139999866485596,6.139999866485596,2700,0.0,0.0,1.0,5.980000019073486,6.139999866485596
2024-07-12,SMTK,yfinance,5.329999923706055,6.050000190734863,5.110000133514404,5.770999908447266,5.770999908447266,3200,0.0,0.0,1.0,5.329999923706055,5.770999908447266
2024-07-15,SMTK,yfinance,5.968999862670898,5.980000019073486,5.949999809265137,5.949999809265137,5.949999809265137,1200,0.0,0.0,1.0,5.968999862670898,5.949999809265137
2024-07-16,SMTK,yfinance,5.579999923706055,5.579999923706055,5.579999923706055,5.579999923706055,5.579999923706055,500,0.0,0.0,1.0,5.579999923706055,5.579999923706055
2024-07-17,SMTK,yfinance,5.599999904632568,5.599999904632568,5.599999904632568,5.599999904632568,5.599999904632568,300,0.0,0.0,1.0,5.599999904632568,5.599999904632568
2024-07-18,SMTK,yfinance,5.75,5.978000164031982,5.650000095367432,5.78000020980835,5.78000020980835,2300,0.0,0.0,1.0,5.75,5.78000020980835
2024-07-19,SMTK,yfinance,5.78000020980835,5.78000020980835,5.78000020980835,5.78000020980835,5.78000020980835,0,0.0,0.0,1.0,5.78000020980835,5.78000020980835
2024-07-22,SMTK,yfinance,5.659999847412109,6.0,5.650000095367432,6.0,6.0,1800,0.0,0.0,1.0,5.659999847412109,6.0
2024-07-23,SMTK,yfinance,5.510000228881836,5.510000228881836,5.510000228881836,5.510000228881836,5.510000228881836,1100,0.0,0.0,1.0,5.510000228881836,5.510000228881836
2024-07-24,SMTK,yfinance,5.48799991607666,5.519999980926514,4.989999771118164,5.519999980926514,5.519999980926514,6400,0.0,0.0,1.0,5.48799991607666,5.519999980926514
2024-07-25,SMTK,yfinance,5.474999904632568,5.474999904632568,5.465000152587891,5.465000152587891,5.465000152587891,2500,0.0,0.0,1.0,5.474999904632568,5.465000152587891
2024-07-26,SMTK,yfinance,5.400000095367432,5.872000217437744,5.400000095367432,5.872000217437744,5.872000217437744,400,0.0,0.0,1.0,5.400000095367432,5.872000217437744
2024-07-29,SMTK,yfinance,5.872000217437744,5.872000217437744,5.872000217437744,5.872000217437744,5.872000217437744,0,0.0,0.0,1.0,5.872000217437744,5.872000217437744
2024-07-30,SMTK,yfinance,5.5,5.860000133514404,5.480000019073486,5.699999809265137,5.699999809265137,3400,0.0,0.0,1.0,5.5,5.699999809265137
2024-07-31,SMTK,yfinance,5.699999809265137,6.900000095367432,5.699999809265137,6.25,6.25,26700,0.0,0.0,1.0,5.699999809265137,6.25
2024-08-01,SMTK,yfinance,6.110000133514404,6.110000133514404,6.0,6.0,6.0,400,0.0,0.0,1.0,6.110000133514404,6.0
2024-08-02,SMTK,yfinance,6.699999809265137,6.699999809265137,6.699999809265137,6.699999809265137,6.699999809265137,100,0.0,0.0,1.0,6.699999809265137,6.699999809265137
2024-08-05,SMTK,yfinance,6.599999904632568,6.599999904632568,6.0,6.0,6.0,1900,0.0,0.0,1.0,6.599999904632568,6.0
2024-08-06,SMTK,yfinance,5.409999847412109,5.519999980926514,5.389999866485596,5.389999866485596,5.389999866485596,1500,0.0,0.0,1.0,5.409999847412109,5.389999866485596
2024-08-07,SMTK,yfinance,5.5,6.0,5.401000022888184,5.440000057220459,5.440000057220459,5000,0.0,0.0,1.0,5.5,5.440000057220459
2024-08-08,SMTK,yfinance,5.5,5.75,5.5,5.75,5.75,600,0.0,0.0,1.0,5.5,5.75
2024-08-09,SMTK,yfinance,5.5,7.179999828338623,5.420000076293945,6.949999809265137,6.949999809265137,20100,0.0,0.0,1.0,5.5,6.949999809265137
2024-08-12,SMTK,yfinance,7.570000171661377,7.579999923706055,5.579999923706055,6.599999904632568,6.599999904632568,12200,0.0,0.0,1.0,7.570000171661377,6.599999904632568
2024-08-13,SMTK,yfinance,6.940000057220459,7.199999809265137,6.139999866485596,6.5,6.5,24700,0.0,0.0,1.0,6.940000057220459,6.5
2024-08-14,SMTK,yfinance,5.670000076293945,6.239999771118164,5.409999847412109,5.760000228881836,5.760000228881836,3200,0.0,0.0,1.0,5.670000076293945,5.760000228881836
2024-08-15,SMTK,yfinance,5.804999828338623,5.804999828338623,5.388999938964844,5.388999938964844,5.388999938964844,200,0.0,0.0,1.0,5.804999828338623,5.388999938964844
2024-08-16,SMTK,yfinance,5.320000171661377,5.519999980926514,5.320000171661377,5.400000095367432,5.400000095367432,2100,0.0,0.0,1.0,5.320000171661377,5.400000095367432
2024-08-19,SMTK,yfinance,5.300000190734863,5.630000114440918,5.130000114440918,5.599999904632568,5.599999904632568,4300,0.0,0.0,1.0,5.300000190734863,5.599999904632568
2024-08-20,SMTK,yfinance,5.949999809265137,6.0,5.369999885559082,5.599999904632568,5.599999904632568,8900,0.0,0.0,1.0,5.949999809265137,5.599999904632568
2024-08-21,SMTK,yfinance,5.400000095367432,5.513999938964844,5.199999809265137,5.400000095367432,5.400000095367432,7600,0.0,0.0,1.0,5.400000095367432,5.400000095367432
2024-08-22,SMTK,yfinance,5.159999847412109,5.159999847412109,5.110000133514404,5.119999885559082,5.119999885559082,1800,0.0,0.0,1.0,5.159999847412109,5.119999885559082
2024-08-23,SMTK,yfinance,5.199999809265137,5.199999809265137,5.0,5.0,5.0,1100,0.0,0.0,1.0,5.199999809265137,5.0
2024-08-26,SMTK,yfinance,5.099999904632568,5.75,5.090000152587891,5.75,5.75,6900,0.0,0.0,1.0,5.099999904632568,5.75
2024-08-27,SMTK,yfinance,5.550000190734863,5.610000133514404,4.949999809265137,4.980000019073486,4.980000019073486,16500,0.0,0.0,1.0,5.550000190734863,4.980000019073486
2024-08-28,SMTK,yfinance,5.25,5.25,4.980000019073486,5.050000190734863,5.050000190734863,3200,0.0,0.0,1.0,5.25,5.050000190734863
2024-08-29,SMTK,yfinance,5.199999809265137,5.199999809265137,5.0,5.0,5.0,1200,0.0,0.0,1.0,5.199999809265137,5.0
2024-08-30,SMTK,yfinance,5.010000228881836,5.059999942779541,5.010000228881836,5.059999942779541,5.059999942779541,500,0.0,0.0,1.0,5.010000228881836,5.059999942779541
2024-09-03,SMTK,yfinance,5.300000190734863,5.550000190734863,5.090000152587891,5.099999904632568,5.099999904632568,4900,0.0,0.0,1.0,5.300000190734863,5.099999904632568
2024-09-04,SMTK,yfinance,5.150000095367432,5.150000095367432,4.880000114440918,4.998000144958496,4.998000144958496,9500,0.0,0.0,1.0,5.150000095367432,4.998000144958496
2024-09-05,SMTK,yfinance,4.900000095367432,5.5,4.900000095367432,5.449999809265137,5.449999809265137,2900,0.0,0.0,1.0,4.900000095367432,5.449999809265137
2024-09-06,SMTK,yfinance,5.269999980926514,7.389999866485596,5.269999980926514,6.889999866485596,6.889999866485596,126100,0.0,0.0,1.0,5.269999980926514,6.889999866485596
2024-09-09,SMTK,yfinance,6.480000019073486,6.480000019073486,5.5,5.539999961853027,5.539999961853027,12200,0.0,0.0,1.0,6.480000019073486,5.539999961853027
2024-09-10,SMTK,yfinance,4.849999904632568,5.079999923706055,4.809999942779541,5.079999923706055,5.079999923706055,8500,0.0,0.0,1.0,4.849999904632568,5.079999923706055
2024-09-11,SMTK,yfinance,5.940000057220459,6.281000137329102,5.210000038146973,6.150000095367432,6.150000095367432,114200,0.0,0.0,1.0,5.940000057220459,6.150000095367432
2024-09-12,SMTK,yfinance,6.440000057220459,6.5,5.820000171661377,6.300000190734863,6.300000190734863,15800,0.0,0.0,1.0,6.440000057220459,6.300000190734863
2024-09-13,SMTK,yfinance,6.25,6.25,5.920000076293945,6.099999904632568,6.099999904632568,600,0.0,0.0,1.0,6.25,6.099999904632568
2024-09-16,SMTK,yfinance,6.0,6.0,4.849999904632568,5.0,5.0,25900,0.0,0.0,1.0,6.0,5.0
2024-09-17,SMTK,yfinance,5.710000038146973,5.710000038146973,4.760000228881836,4.809999942779541,4.809999942779541,54100,0.0,0.0,1.0,5.710000038146973,4.809999942779541
2024-09-18,SMTK,yfinance,5.098999977111816,5.60099983215332,4.9710001945495605,5.239999771118164,5.239999771118164,29700,0.0,0.0,1.0,5.098999977111816,5.239999771118164
2024-09-19,SMTK,yfinance,5.489999771118164,5.489999771118164,4.849999904632568,4.991000175476074,4.991000175476074,35900,0.0,0.0,1.0,5.489999771118164,4.991000175476074
2024-09-20,SMTK,yfinance,5.159999847412109,5.199999809265137,4.860000133514404,4.936999797821045,4.936999797821045,16600,0.0,0.0,1.0,5.159999847412109,4.936999797821045
2024-09-23,SMTK,yfinance,4.900000095367432,5.150000095367432,4.199999809265137,4.610000133514404,4.610000133514404,38500,0.0,0.0,1.0,4.900000095367432,4.610000133514404
2024-09-24,SMTK,yfinance,4.71999979019165,4.974999904632568,4.670000076293945,4.670000076293945,4.670000076293945,12500,0.0,0.0,1.0,4.71999979019165,4.670000076293945
2024-09-25,SMTK,yfinance,4.659999847412109,4.889999866485596,4.309999942779541,4.510000228881836,4.510000228881836,13200,0.0,0.0,1.0,4.659999847412109,4.510000228881836
2024-09-26,SMTK,yfinance,4.110000133514404,4.579999923706055,4.110000133514404,4.579999923706055,4.579999923706055,4200,0.0,0.0,1.0,4.110000133514404,4.579999923706055
2024-09-27,SMTK,yfinance,4.429999828338623,4.570000171661377,3.950000047683716,4.349999904632568,4.349999904632568,45400,0.0,0.0,1.0,4.429999828338623,4.349999904632568
2024-09-30,SMTK,yfinance,4.269999980926514,4.550000190734863,4.190000057220459,4.260000228881836,4.260000228881836,13900,0.0,0.0,1.0,4.269999980926514,4.260000228881836
2024-10-01,SMTK,yfinance,4.230000019073486,4.389999866485596,4.150000095367432,4.151999950408936,4.151999950408936,15200,0.0,0.0,1.0,4.230000019073486,4.151999950408936
2024-10-02,SMTK,yfinance,4.119999885559082,4.5,4.110000133514404,4.230000019073486,4.230000019073486,10800,0.0,0.0,1.0,4.119999885559082,4.230000019073486
2024-10-03,SMTK,yfinance,4.190000057220459,4.199999809265137,4.099999904632568,4.199999809265137,4.199999809265137,3700,0.0,0.0,1.0,4.190000057220459,4.199999809265137
2024-10-04,SMTK,yfinance,4.255000114440918,4.255000114440918,3.25,3.601999998092652,3.601999998092652,18100,0.0,0.0,1.0,4.255000114440918,3.601999998092652
2024-10-07,SMTK,yfinance,3.450000047683716,3.450000047683716,2.8499999046325684,2.950000047683716,2.950000047683716,39700,0.0,0.0,1.0,3.450000047683716,2.950000047683716
2024-10-08,SMTK,yfinance,2.950000047683716,3.75,2.950000047683716,3.3499999046325684,3.3499999046325684,25700,0.0,0.0,1.0,2.950000047683716,3.3499999046325684
2024-10-09,SMTK,yfinance,3.390000104904175,3.390000104904175,2.950000047683716,3.0199999809265137,3.0199999809265137,75300,0.0,0.0,1.0,3.390000104904175,3.0199999809265137
2024-10-10,SMTK,yfinance,3.049999952316284,3.2799999713897705,2.8299999237060547,3.049999952316284,3.049999952316284,14400,0.0,0.0,1.0,3.049999952316284,3.049999952316284
2024-10-11,SMTK,yfinance,3.0999999046325684,3.2699999809265137,2.8499999046325684,3.25,3.25,15800,0.0,0.0,1.0,3.0999999046325684,3.25
2024-10-14,SMTK,yfinance,3.0899999141693115,3.2320001125335693,2.859999895095825,2.9800000190734863,2.9800000190734863,8900,0.0,0.0,1.0,3.0899999141693115,2.9800000190734863
2024-10-15,SMTK,yfinance,2.930000066757202,3.0,2.7699999809265137,2.8399999141693115,2.8399999141693115,27900,0.0,0.0,1.0,2.930000066757202,2.8399999141693115
2024-10-16,SMTK,yfinance,2.9800000190734863,3.319999933242798,2.7799999713897705,3.1470000743865967,3.1470000743865967,36900,0.0,0.0,1.0,2.9800000190734863,3.1470000743865967
2024-10-17,SMTK,yfinance,2.9649999141693115,3.1600000858306885,2.9600000381469727,3.1600000858306885,3.1600000858306885,1400,0.0,0.0,1.0,2.9649999141693115,3.1600000858306885
2024-10-18,SMTK,yfinance,3.2100000381469727,3.325000047683716,3.2100000381469727,3.2100000381469727,3.2100000381469727,1400,0.0,0.0,1.0,3.2100000381469727,3.2100000381469727
2024-10-21,SMTK,yfinance,3.25,3.400000095367432,3.0799999237060547,3.299999952316284,3.299999952316284,5900,0.0,0.0,1.0,3.25,3.299999952316284
2024-10-22,SMTK,yfinance,3.299999952316284,3.299999952316284,2.900000095367432,2.950000047683716,2.950000047683716,9200,0.0,0.0,1.0,3.299999952316284,2.950000047683716
2024-10-23,SMTK,yfinance,2.990000009536743,3.130000114440918,2.859999895095825,2.869999885559082,2.869999885559082,136800,0.0,0.0,1.0,2.990000009536743,2.869999885559082
2024-10-24,SMTK,yfinance,2.869999885559082,3.0899999141693115,2.289999961853028,2.75,2.75,51400,0.0,0.0,1.0,2.869999885559082,2.75
2024-10-25,SMTK,yfinance,2.680000066757202,2.740000009536743,2.359999895095825,2.470000028610229,2.470000028610229,9600,0.0,0.0,1.0,2.680000066757202,2.470000028610229
2024-10-28,SMTK,yfinance,2.549999952316284,2.990000009536743,2.549999952316284,2.5999999046325684,2.5999999046325684,7800,0.0,0.0,1.0,2.549999952316284,2.5999999046325684
2024-10-29,SMTK,yfinance,2.6700000762939453,2.700000047683716,2.549999952316284,2.549999952316284,2.549999952316284,9000,0.0,0.0,1.0,2.6700000762939453,2.549999952316284
2024-10-30,SMTK,yfinance,2.5999999046325684,2.680000066757202,2.5999999046325684,2.680000066757202,2.680000066757202,3000,0.0,0.0,1.0,2.5999999046325684,2.680000066757202
2024-10-31,SMTK,yfinance,2.690000057220459,2.7880001068115234,2.4749999046325684,2.549999952316284,2.549999952316284,6800,0.0,0.0,1.0,2.690000057220459,2.549999952316284
2024-11-01,SMTK,yfinance,2.5899999141693115,2.7100000381469727,2.5899999141693115,2.7100000381469727,2.7100000381469727,1100,0.0,0.0,1.0,2.5899999141693115,2.7100000381469727
2024-11-04,SMTK,yfinance,2.5,2.799999952316284,2.5,2.5810000896453857,2.5810000896453857,4100,0.0,0.0,1.0,2.5,2.5810000896453857
2024-11-05,SMTK,yfinance,2.640000104904175,2.9600000381469727,2.630000114440918,2.8399999141693115,2.8399999141693115,11000,0.0,0.0,1.0,2.640000104904175,2.8399999141693115
2024-11-06,SMTK,yfinance,2.8949999809265137,2.940000057220459,2.6600000858306885,2.799999952316284,2.799999952316284,7600,0.0,0.0,1.0,2.8949999809265137,2.799999952316284
2024-11-07,SMTK,yfinance,2.740000009536743,2.859999895095825,2.7100000381469727,2.7100000381469727,2.7100000381469727,5400,0.0,0.0,1.0,2.740000009536743,2.7100000381469727
2024-11-08,SMTK,yfinance,2.5,2.8499999046325684,2.375,2.509999990463257,2.509999990463257,35700,0.0,0.0,1.0,2.5,2.509999990463257
2024-11-11,SMTK,yfinance,2.390000104904175,2.4719998836517334,2.299999952316284,2.4100000858306885,2.4100000858306885,10000,0.0,0.0,1.0,2.390000104904175,2.4100000858306885
2024-11-12,SMTK,yfinance,2.2799999713897705,2.6410000324249268,2.0999999046325684,2.190000057220459,2.190000057220459,14000,0.0,0.0,1.0,2.2799999713897705,2.190000057220459
2024-11-13,SMTK,yfinance,2.240000009536743,2.4200000762939453,2.220000028610229,2.4159998893737797,2.4159998893737797,4500,0.0,0.0,1.0,2.240000009536743,2.4159998893737797
2024-11-14,SMTK,yfinance,2.259999990463257,2.259999990463257,2.25,2.25,2.25,400,0.0,0.0,1.0,2.259999990463257,2.25
2024-11-15,SMTK,yfinance,2.309999942779541,2.809999942779541,2.309999942779541,2.450000047683716,2.450000047683716,7100,0.0,0.0,1.0,2.309999942779541,2.450000047683716
2024-11-18,SMTK,yfinance,2.5299999713897705,2.5299999713897705,2.009999990463257,2.150000095367432,2.150000095367432,8500,0.0,0.0,1.0,2.5299999713897705,2.150000095367432
2024-11-19,SMTK,yfinance,2.25600004196167,3.25,2.25,3.0999999046325684,3.0999999046325684,165000,0.0,0.0,1.0,2.25600004196167,3.0999999046325684
2024-11-20,SMTK,yfinance,3.109999895095825,3.5999999046325684,2.7100000381469727,2.986000061035156,2.986000061035156,77400,0.0,0.0,1.0,3.109999895095825,2.986000061035156
2024-11-21,SMTK,yfinance,3.0299999713897705,3.0999999046325684,2.9200000762939453,3.0999999046325684,3.0999999046325684,9100,0.0,0.0,1.0,3.0299999713897705,3.0999999046325684
2024-11-22,SMTK,yfinance,3.0999999046325684,3.325000047683716,3.0999999046325684,3.200000047683716,3.200000047683716,18300,0.0,0.0,1.0,3.0999999046325684,3.200000047683716
2024-11-25,SMTK,yfinance,3.910000085830689,5.71999979019165,3.5999999046325684,5.429999828338623,5.429999828338623,3210500,0.0,0.0,1.0,3.910000085830689,5.429999828338623
2024-11-26,SMTK,yfinance,7.659999847412109,7.800000190734863,5.659999847412109,7.300000190734863,7.300000190734863,5843400,0.0,0.0,1.0,7.659999847412109,7.300000190734863
2024-11-27,SMTK,yfinance,6.800000190734863,7.489999771118164,5.650000095367432,6.960000038146973,6.960000038146973,397900,0.0,0.0,1.0,6.800000190734863,6.960000038146973
2024-11-29,SMTK,yfinance,6.599999904632568,7.099999904632568,6.050000190734863,6.269999980926514,6.269999980926514,255400,0.0,0.0,1.0,6.599999904632568,6.269999980926514
2024-12-02,SMTK,yfinance,5.989999771118164,6.150000095367432,4.599999904632568,4.920000076293945,4.920000076293945,257200,0.0,0.0,1.0,5.989999771118164,4.920000076293945
2024-12-03,SMTK,yfinance,4.619999885559082,5.269999980926514,3.849999904632568,4.099999904632568,4.099999904632568,442400,0.0,0.0,1.0,4.619999885559082,4.099999904632568
2024-12-04,SMTK,yfinance,3.75,4.438000202178955,3.700000047683716,4.010000228881836,4.010000228881836,153200,0.0,0.0,1.0,3.75,4.010000228881836
2024-12-05,SMTK,yfinance,4.0,4.5,3.9600000381469727,4.349999904632568,4.349999904632568,816700,0.0,0.0,1.0,4.0,4.349999904632568
2024-12-06,SMTK,yfinance,4.300000190734863,4.360000133514404,3.5999999046325684,4.255000114440918,4.255000114440918,204400,0.0,0.0,1.0,4.300000190734863,4.255000114440918
2024-12-09,SMTK,yfinance,4.130000114440918,4.320000171661377,3.920000076293945,4.099999904632568,4.099999904632568,234200,0.0,0.0,1.0,4.130000114440918,4.099999904632568
2024-12-10,SMTK,yfinance,3.9800000190734863,4.099999904632568,3.5999999046325684,3.974999904632568,3.974999904632568,203000,0.0,0.0,1.0,3.9800000190734863,3.974999904632568
2024-12-11,SMTK,yfinance,3.990000009536743,4.099999904632568,3.819999933242798,4.019999980926514,4.019999980926514,80500,0.0,0.0,1.0,3.990000009536743,4.019999980926514
2024-12-12,SMTK,yfinance,3.8559999465942383,4.010000228881836,3.4600000381469727,3.619999885559082,3.619999885559082,50700,0.0,0.0,1.0,3.8559999465942383,3.619999885559082
2024-12-13,SMTK,yfinance,3.619999885559082,3.619999885559082,3.0999999046325684,3.220000028610229,3.220000028610229,44000,0.0,0.0,1.0,3.619999885559082,3.220000028610229
2024-12-16,SMTK,yfinance,3.150000095367432,3.4200000762939453,2.7799999713897705,3.0999999046325684,3.0999999046325684,79800,0.0,0.0,1.0,3.150000095367432,3.0999999046325684
2024-12-17,SMTK,yfinance,2.7699999809265137,2.970000028610229,2.3299999237060547,2.490000009536743,2.490000009536743,187900,0.0,0.0,1.0,2.7699999809265137,2.490000009536743
2024-12-18,SMTK,yfinance,2.7100000381469727,3.240000009536743,2.549999952316284,3.150000095367432,3.150000095367432,284700,0.0,0.0,1.0,2.7100000381469727,3.150000095367432
2024-12-19,SMTK,yfinance,3.1700000762939453,3.190000057220459,2.819999933242798,3.009999990463257,3.009999990463257,50000,0.0,0.0,1.0,3.1700000762939453,3.009999990463257
2024-12-20,SMTK,yfinance,3.0799999237060547,3.190000057220459,2.859999895095825,2.9600000381469727,2.9600000381469727,43300,0.0,0.0,1.0,3.0799999237060547,2.9600000381469727
2024-12-23,SMTK,yfinance,3.150000095367432,3.150000095367432,2.640000104904175,2.970000028610229,2.970000028610229,96100,0.0,0.0,1.0,3.150000095367432,2.970000028610229
2024-12-24,SMTK,yfinance,3.0,3.0999999046325684,2.8499999046325684,3.0299999713897705,3.0299999713897705,56000,0.0,0.0,1.0,3.0,3.0299999713897705
2024-12-26,SMTK,yfinance,3.0899999141693115,3.1700000762939453,2.9200000762939453,3.0,3.0,58900,0.0,0.0,1.0,3.0899999141693115,3.0
2024-12-27,SMTK,yfinance,3.190000057220459,3.200000047683716,2.759999990463257,2.819999933242798,2.819999933242798,36600,0.0,0.0,1.0,3.190000057220459,2.819999933242798
2024-12-30,SMTK,yfinance,2.900000095367432,2.900000095367432,2.619999885559082,2.890000104904175,2.890000104904175,40800,0.0,0.0,1.0,2.900000095367432,2.890000104904175
2024-12-31,SMTK,yfinance,3.0299999713897705,3.0299999713897705,2.744999885559082,2.900000095367432,2.900000095367432,27800,0.0,0.0,1.0,3.0299999713897705,2.900000095367432
2025-01-02,SMTK,yfinance,2.900000095367432,3.1440000534057617,2.890000104904175,3.1440000534057617,3.1440000534057617,83800,0.0,0.0,1.0,2.900000095367432,3.1440000534057617
2025-01-03,SMTK,yfinance,3.2100000381469727,3.2100000381469727,2.950000047683716,3.069999933242798,3.069999933242798,58500,0.0,0.0,1.0,3.2100000381469727,3.069999933242798
2025-01-06,SMTK,yfinance,3.150000095367432,3.200000047683716,3.039999961853028,3.130000114440918,3.130000114440918,145500,0.0,0.0,1.0,3.150000095367432,3.130000114440918
2025-01-07,SMTK,yfinance,3.0,3.140000104904175,2.940000057220459,3.0,3.0,159400,0.0,0.0,1.0,3.0,3.0
2025-01-08,SMTK,yfinance,3.0510001182556152,3.0510001182556152,2.990000009536743,3.009999990463257,3.009999990463257,21600,0.0,0.0,1.0,3.0510001182556152,3.009999990463257
2025-01-10,SMTK,yfinance,3.150000095367432,3.549999952316284,3.0899999141693115,3.539999961853028,3.539999961853028,190700,0.0,0.0,1.0,3.150000095367432,3.539999961853028
2025-01-13,SMTK,yfinance,3.4100000858306885,3.75,3.309999942779541,3.700000047683716,3.700000047683716,138600,0.0,0.0,1.0,3.4100000858306885,3.700000047683716
2025-01-14,SMTK,yfinance,3.690000057220459,3.940000057220459,3.359999895095825,3.74399995803833,3.74399995803833,107800,0.0,0.0,1.0,3.690000057220459,3.74399995803833
2025-01-15,SMTK,yfinance,3.890000104904175,4.199999809265137,3.799999952316284,4.150000095367432,4.150000095367432,159300,0.0,0.0,1.0,3.890000104904175,4.150000095367432
2025-01-16,SMTK,yfinance,4.230000019073486,4.25,3.4100000858306885,3.799999952316284,3.799999952316284,360900,0.0,0.0,1.0,4.230000019073486,3.799999952316284
2025-01-17,SMTK,yfinance,4.079999923706055,4.183000087738037,3.5999999046325684,3.7200000286102295,3.7200000286102295,77300,0.0,0.0,1.0,4.079999923706055,3.7200000286102295
2025-01-21,SMTK,yfinance,3.680000066757202,3.75,3.509999990463257,3.607000112533569,3.607000112533569,28100,0.0,0.0,1.0,3.680000066757202,3.607000112533569
2025-01-22,SMTK,yfinance,3.559999942779541,3.799999952316284,3.4570000171661377,3.5299999713897705,3.5299999713897705,21300,0.0,0.0,1.0,3.559999942779541,3.5299999713897705
2025-01-23,SMTK,yfinance,3.680000066757202,3.680000066757202,3.2799999713897705,3.299999952316284,3.299999952316284,30800,0.0,0.0,1.0,3.680000066757202,3.299999952316284
2025-01-24,SMTK,yfinance,3.236000061035156,3.440000057220459,3.236000061035156,3.400000095367432,3.400000095367432,16100,0.0,0.0,1.0,3.236000061035156,3.400000095367432
2025-01-27,SMTK,yfinance,3.470000028610229,3.470000028610229,3.200000047683716,3.200000047683716,3.200000047683716,33000,0.0,0.0,1.0,3.470000028610229,3.200000047683716
2025-01-28,SMTK,yfinance,3.1600000858306885,3.25,3.1600000858306885,3.2100000381469727,3.2100000381469727,9200,0.0,0.0,1.0,3.1600000858306885,3.2100000381469727
2025-01-29,SMTK,yfinance,3.220000028610229,3.4600000381469727,3.119999885559082,3.119999885559082,3.119999885559082,24500,0.0,0.0,1.0,3.220000028610229,3.119999885559082
2025-01-30,SMTK,yfinance,3.140000104904175,3.25,3.119999885559082,3.190000057220459,3.190000057220459,19200,0.0,0.0,1.0,3.140000104904175,3.190000057220459
2025-01-31,SMTK,yfinance,3.200000047683716,3.240000009536743,3.109999895095825,3.119999885559082,3.119999885559082,9200,0.0,0.0,1.0,3.200000047683716,3.119999885559082
2025-02-03,SMTK,yfinance,3.109999895095825,3.109999895095825,2.907999992370605,3.0199999809265137,3.0199999809265137,12300,0.0,0.0,1.0,3.109999895095825,3.0199999809265137
2025-02-04,SMTK,yfinance,2.75,2.950000047683716,2.5999999046325684,2.7799999713897705,2.7799999713897705,28800,0.0,0.0,1.0,2.75,2.7799999713897705
2025-02-05,SMTK,yfinance,2.789999961853028,2.989000082015991,2.789999961853028,2.9800000190734863,2.9800000190734863,13000,0.0,0.0,1.0,2.789999961853028,2.9800000190734863
2025-02-06,SMTK,yfinance,3.0899999141693115,3.0899999141693115,2.861999988555908,2.990000009536743,2.990000009536743,26100,0.0,0.0,1.0,3.0899999141693115,2.990000009536743
2025-02-07,SMTK,yfinance,2.9100000858306885,2.9100000858306885,2.6600000858306885,2.819999933242798,2.819999933242798,15300,0.0,0.0,1.0,2.9100000858306885,2.819999933242798
2025-02-10,SMTK,yfinance,2.6700000762939453,2.799999952316284,2.6700000762939453,2.7699999809265137,2.7699999809265137,6600,0.0,0.0,1.0,2.6700000762939453,2.7699999809265137
2025-02-11,SMTK,yfinance,2.753000020980835,2.805000066757202,2.75,2.799999952316284,2.799999952316284,3100,0.0,0.0,1.0,2.753000020980835,2.799999952316284
2025-02-12,SMTK,yfinance,2.700000047683716,2.7699999809265137,2.700000047683716,2.759999990463257,2.759999990463257,7200,0.0,0.0,1.0,2.700000047683716,2.759999990463257
2025-02-13,SMTK,yfinance,2.809999942779541,2.809999942779541,2.720000028610229,2.7699999809265137,2.7699999809265137,3900,0.0,0.0,1.0,2.809999942779541,2.7699999809265137
2025-02-14,SMTK,yfinance,2.6600000858306885,2.789999961853028,2.6600000858306885,2.7320001125335693,2.7320001125335693,15300,0.0,0.0,1.0,2.6600000858306885,2.7320001125335693
2025-02-18,SMTK,yfinance,2.8399999141693115,2.890000104904175,2.680000066757202,2.759999990463257,2.759999990463257,7600,0.0,0.0,1.0,2.8399999141693115,2.759999990463257
2025-02-19,SMTK,yfinance,2.7100000381469727,2.744999885559082,2.7100000381469727,2.720000028610229,2.720000028610229,4100,0.0,0.0,1.0,2.7100000381469727,2.720000028610229
2025-02-20,SMTK,yfinance,2.6600000858306885,2.720000028610229,2.6600000858306885,2.680000066757202,2.680000066757202,6900,0.0,0.0,1.0,2.6600000858306885,2.680000066757202
2025-02-21,SMTK,yfinance,2.6600000858306885,2.700000047683716,2.609999895095825,2.609999895095825,2.609999895095825,3100,0.0,0.0,1.0,2.6600000858306885,2.609999895095825
2025-02-24,SMTK,yfinance,2.5999999046325684,2.5999999046325684,2.559999942779541,2.5999999046325684,2.5999999046325684,7200,0.0,0.0,1.0,2.5999999046325684,2.5999999046325684
2025-02-25,SMTK,yfinance,2.549999952316284,2.555000066757202,2.4719998836517334,2.555000066757202,2.555000066757202,9800,0.0,0.0,1.0,2.549999952316284,2.555000066757202
2025-02-26,SMTK,yfinance,2.5899999141693115,2.627000093460083,2.2799999713897705,2.450000047683716,2.450000047683716,26100,0.0,0.0,1.0,2.5899999141693115,2.450000047683716
2025-02-27,SMTK,yfinance,2.3499999046325684,2.3499999046325684,2.2100000381469727,2.2100000381469727,2.2100000381469727,15600,0.0,0.0,1.0,2.3499999046325684,2.2100000381469727
2025-02-28,SMTK,yfinance,2.220000028610229,2.220000028610229,2.150000095367432,2.1600000858306885,2.1600000858306885,6200,0.0,0.0,1.0,2.220000028610229,2.1600000858306885
2025-03-03,SMTK,yfinance,2.0810000896453857,2.700000047683716,2.0810000896453857,2.5899999141693115,2.5899999141693115,18300,0.0,0.0,1.0,2.0810000896453857,2.5899999141693115
2025-03-04,SMTK,yfinance,2.650000095367432,2.6600000858306885,2.220000028610229,2.4100000858306885,2.4100000858306885,16800,0.0,0.0,1.0,2.650000095367432,2.4100000858306885
2025-03-05,SMTK,yfinance,2.319999933242798,2.390000104904175,2.190000057220459,2.220000028610229,2.220000028610229,15500,0.0,0.0,1.0,2.319999933242798,2.220000028610229
2025-03-06,SMTK,yfinance,2.240000009536743,2.33899998664856,2.240000009536743,2.240000009536743,2.240000009536743,1200,0.0,0.0,1.0,2.240000009536743,2.240000009536743
2025-03-07,SMTK,yfinance,2.150000095367432,2.282999992370605,2.059999942779541,2.190000057220459,2.190000057220459,9100,0.0,0.0,1.0,2.150000095367432,2.190000057220459
2025-03-10,SMTK,yfinance,2.244999885559082,2.309999942779541,2.1700000762939453,2.240000009536743,2.240000009536743,4600,0.0,0.0,1.0,2.244999885559082,2.240000009536743
2025-03-11,SMTK,yfinance,2.2100000381469727,2.299999952316284,2.150000095367432,2.2799999713897705,2.2799999713897705,6400,0.0,0.0,1.0,2.2100000381469727,2.2799999713897705
2025-03-12,SMTK,yfinance,2.2249999046325684,2.289999961853028,2.1600000858306885,2.289999961853028,2.289999961853028,3000,0.0,0.0,1.0,2.2249999046325684,2.289999961853028
2025-03-13,SMTK,yfinance,2.200000047683716,2.200000047683716,2.1700000762939453,2.1700000762939453,2.1700000762939453,1300,0.0,0.0,1.0,2.200000047683716,2.1700000762939453
2025-03-14,SMTK,yfinance,2.150000095367432,2.150000095367432,2.0999999046325684,2.119999885559082,2.119999885559082,2800,0.0,0.0,1.0,2.150000095367432,2.119999885559082
2025-03-17,SMTK,yfinance,2.191999912261963,3.0,2.0999999046325684,2.799999952316284,2.799999952316284,108000,0.0,0.0,1.0,2.191999912261963,2.799999952316284
2025-03-18,SMTK,yfinance,2.799999952316284,3.5,2.6600000858306885,2.990000009536743,2.990000009536743,386000,0.0,0.0,1.0,2.799999952316284,2.990000009536743
2025-03-19,SMTK,yfinance,3.0199999809265137,3.220000028610229,2.819999933242798,3.059999942779541,3.059999942779541,209600,0.0,0.0,1.0,3.0199999809265137,3.059999942779541
2025-03-20,SMTK,yfinance,3.190000057220459,3.190000057220459,2.9600000381469727,3.0199999809265137,3.0199999809265137,68300,0.0,0.0,1.0,3.190000057220459,3.0199999809265137
2025-03-21,SMTK,yfinance,3.150000095367432,3.5,3.049999952316284,3.259999990463257,3.259999990463257,166700,0.0,0.0,1.0,3.150000095367432,3.259999990463257
2025-03-24,SMTK,yfinance,3.309999942779541,3.400000095367432,3.049999952316284,3.0999999046325684,3.0999999046325684,96100,0.0,0.0,1.0,3.309999942779541,3.0999999046325684
2025-03-25,SMTK,yfinance,3.140000104904175,3.150000095367432,2.9800000190734863,3.0,3.0,53200,0.0,0.0,1.0,3.140000104904175,3.0
2025-03-26,SMTK,yfinance,3.009999990463257,3.0999999046325684,2.930000066757202,3.059999942779541,3.059999942779541,24900,0.0,0.0,1.0,3.009999990463257,3.059999942779541
2025-03-27,SMTK,yfinance,3.0899999141693115,3.75,2.9100000858306885,3.437999963760376,3.437999963760376,420300,0.0,0.0,1.0,3.0899999141693115,3.437999963760376
2025-03-28,SMTK,yfinance,3.799999952316284,3.900000095367432,2.8499999046325684,3.009999990463257,3.009999990463257,287600,0.0,0.0,1.0,3.799999952316284,3.009999990463257
2025-03-31,SMTK,yfinance,3.119999885559082,3.180000066757202,2.8499999046325684,3.009999990463257,3.009999990463257,162400,0.0,0.0,1.0,3.119999885559082,3.009999990463257
2025-04-01,SMTK,yfinance,2.900000095367432,3.0999999046325684,2.809999942779541,2.900000095367432,2.900000095367432,47600,0.0,0.0,1.0,2.900000095367432,2.900000095367432
2025-04-02,SMTK,yfinance,2.8499999046325684,3.0,2.799999952316284,2.819000005722046,2.819000005722046,76400,0.0,0.0,1.0,2.8499999046325684,2.819000005722046
2025-04-03,SMTK,yfinance,2.789999961853028,2.8359999656677246,2.575000047683716,2.775000095367432,2.775000095367432,44200,0.0,0.0,1.0,2.789999961853028,2.775000095367432
2025-04-04,SMTK,yfinance,2.609999895095825,2.75,2.450000047683716,2.549999952316284,2.549999952316284,56100,0.0,0.0,1.0,2.609999895095825,2.549999952316284
2025-04-07,SMTK,yfinance,2.1600000858306885,2.549999952316284,2.1600000858306885,2.3299999237060547,2.3299999237060547,32500,0.0,0.0,1.0,2.1600000858306885,2.3299999237060547
2025-04-08,SMTK,yfinance,2.5,2.851999998092652,2.4100000858306885,2.700000047683716,2.700000047683716,116600,0.0,0.0,1.0,2.5,2.700000047683716
2025-04-09,SMTK,yfinance,2.700000047683716,2.7300000190734863,2.299999952316284,2.470000028610229,2.470000028610229,93400,0.0,0.0,1.0,2.700000047683716,2.470000028610229
2025-04-10,SMTK,yfinance,2.4100000858306885,2.700000047683716,2.400000095367432,2.4200000762939453,2.4200000762939453,51300,0.0,0.0,1.0,2.4100000858306885,2.4200000762939453
2025-04-11,SMTK,yfinance,2.4600000381469727,2.650000095367432,2.400000095367432,2.4200000762939453,2.4200000762939453,21800,0.0,0.0,1.0,2.4600000381469727,2.4200000762939453
2025-04-14,SMTK,yfinance,2.539999961853028,2.5999999046325684,2.4100000858306885,2.4600000381469727,2.4600000381469727,12100,0.0,0.0,1.0,2.539999961853028,2.4600000381469727
2025-04-15,SMTK,yfinance,2.5,2.680000066757202,2.400000095367432,2.509999990463257,2.509999990463257,12300,0.0,0.0,1.0,2.5,2.509999990463257
2025-04-16,SMTK,yfinance,2.490000009536743,2.490000009536743,2.3299999237060547,2.400000095367432,2.400000095367432,5100,0.0,0.0,1.0,2.490000009536743,2.400000095367432
2025-04-17,SMTK,yfinance,2.390000104904175,2.450000047683716,2.1600000858306885,2.2950000762939453,2.2950000762939453,26500,0.0,0.0,1.0,2.390000104904175,2.2950000762939453
2025-04-21,SMTK,yfinance,2.309999942779541,2.3299999237060547,2.180000066757202,2.213000059127808,2.213000059127808,9600,0.0,0.0,1.0,2.309999942779541,2.213000059127808
2025-04-22,SMTK,yfinance,2.2699999809265137,2.3399999141693115,2.0999999046325684,2.180000066757202,2.180000066757202,21200,0.0,0.0,1.0,2.2699999809265137,2.180000066757202
2025-04-23,SMTK,yfinance,2.2300000190734863,2.400000095367432,2.181999921798706,2.2300000190734863,2.2300000190734863,16200,0.0,0.0,1.0,2.2300000190734863,2.2300000190734863
2025-04-24,SMTK,yfinance,2.4600000381469727,2.4600000381469727,2.25,2.359999895095825,2.359999895095825,14500,0.0,0.0,1.0,2.4600000381469727,2.359999895095825
2025-04-25,SMTK,yfinance,2.359999895095825,2.5,2.289999961853028,2.309999942779541,2.309999942779541,6000,0.0,0.0,1.0,2.359999895095825,2.309999942779541
2025-04-28,SMTK,yfinance,2.2699999809265137,2.680000066757202,2.2699999809265137,2.400000095367432,2.400000095367432,85900,0.0,0.0,1.0,2.2699999809265137,2.400000095367432
2025-04-29,SMTK,yfinance,2.470000028610229,2.630000114440918,2.200000047683716,2.319999933242798,2.319999933242798,39800,0.0,0.0,1.0,2.470000028610229,2.319999933242798
2025-04-30,SMTK,yfinance,2.380000114440918,2.5160000324249268,2.220000028610229,2.2799999713897705,2.2799999713897705,3800,0.0,0.0,1.0,2.380000114440918,2.2799999713897705
2025-05-01,SMTK,yfinance,2.289999961853028,2.441999912261963,2.289999961853028,2.369999885559082,2.369999885559082,6100,0.0,0.0,1.0,2.289999961853028,2.369999885559082
2025-05-02,SMTK,yfinance,2.390000104904175,2.390000104904175,2.240000009536743,2.259999990463257,2.259999990463257,9100,0.0,0.0,1.0,2.390000104904175,2.259999990463257
2025-05-05,SMTK,yfinance,2.2799999713897705,2.390000104904175,2.2799999713897705,2.289999961853028,2.289999961853028,11400,0.0,0.0,1.0,2.2799999713897705,2.289999961853028
2025-05-06,SMTK,yfinance,2.240000009536743,2.380000114440918,2.240000009536743,2.240000009536743,2.240000009536743,18900,0.0,0.0,1.0,2.240000009536743,2.240000009536743
2025-05-07,SMTK,yfinance,2.2699999809265137,2.319999933242798,2.200000047683716,2.200000047683716,2.200000047683716,8300,0.0,0.0,1.0,2.2699999809265137,2.200000047683716
2025-05-08,SMTK,yfinance,2.200000047683716,2.400000095367432,2.200000047683716,2.319999933242798,2.319999933242798,16300,0.0,0.0,1.0,2.200000047683716,2.319999933242798
2025-05-09,SMTK,yfinance,2.2690000534057617,2.3010001182556152,2.2300000190734863,2.2300000190734863,2.2300000190734863,4200,0.0,0.0,1.0,2.2690000534057617,2.2300000190734863
2025-05-12,SMTK,yfinance,2.240000009536743,2.390000104904175,2.2100000381469727,2.3420000076293945,2.3420000076293945,30600,0.0,0.0,1.0,2.240000009536743,2.3420000076293945
2025-05-13,SMTK,yfinance,2.369999885559082,2.490000009536743,2.0,2.009999990463257,2.009999990463257,76100,0.0,0.0,1.0,2.369999885559082,2.009999990463257
2025-05-14,SMTK,yfinance,2.069999933242798,2.069999933242798,1.559999942779541,1.5700000524520874,1.5700000524520874,92200,0.0,0.0,1.0,2.069999933242798,1.5700000524520874
2025-05-15,SMTK,yfinance,1.590000033378601,1.600000023841858,1.1100000143051147,1.149999976158142,1.149999976158142,174900,0.0,0.0,1.0,1.590000033378601,1.149999976158142
2025-05-16,SMTK,yfinance,1.149999976158142,1.2009999752044678,1.059999942779541,1.0800000429153442,1.0800000429153442,56300,0.0,0.0,1.0,1.149999976158142,1.0800000429153442
2025-05-19,SMTK,yfinance,1.1100000143051147,1.1200000047683716,1.0,1.090000033378601,1.090000033378601,59300,0.0,0.0,1.0,1.1100000143051147,1.090000033378601
2025-05-20,SMTK,yfinance,1.100000023841858,1.6200000047683716,1.100000023841858,1.340000033378601,1.340000033378601,717300,0.0,0.0,1.0,1.100000023841858,1.340000033378601
2025-05-21,SMTK,yfinance,1.340000033378601,1.5,1.190000057220459,1.2400000095367432,1.2400000095367432,152300,0.0,0.0,1.0,1.340000033378601,1.2400000095367432
2025-05-22,SMTK,yfinance,1.2619999647140503,1.4500000476837158,1.2400000095367432,1.3200000524520874,1.3200000524520874,69400,0.0,0.0,1.0,1.2619999647140503,1.3200000524520874
2025-05-23,SMTK,yfinance,1.2400000095367432,1.3799999952316284,1.2400000095367432,1.3300000429153442,1.3300000429153442,48100,0.0,0.0,1.0,1.2400000095367432,1.3300000429153442
2025-05-27,SMTK,yfinance,1.409999966621399,1.4800000190734863,1.340000033378601,1.3899999856948853,1.3899999856948853,85300,0.0,0.0,1.0,1.409999966621399,1.3899999856948853
2025-05-28,SMTK,yfinance,1.3899999856948853,1.4600000381469729,1.3200000524520874,1.350000023841858,1.350000023841858,42300,0.0,0.0,1.0,1.3899999856948853,1.350000023841858
2025-05-29,SMTK,yfinance,1.3300000429153442,1.4500000476837158,1.2100000381469729,1.25,1.25,37600,0.0,0.0,1.0,1.3300000429153442,1.25
2025-05-30,SMTK,yfinance,1.340000033378601,1.3700000047683716,1.2599999904632568,1.3200000524520874,1.3200000524520874,32300,0.0,0.0,1.0,1.340000033378601,1.3200000524520874
2025-06-02,SMTK,yfinance,1.2999999523162842,1.4500000476837158,1.2999999523162842,1.4299999475479126,1.4299999475479126,35800,0.0,0.0,1.0,1.2999999523162842,1.4299999475479126
2025-06-03,SMTK,yfinance,1.3700000047683716,1.4299999475479126,1.2999999523162842,1.3700000047683716,1.3700000047683716,23300,0.0,0.0,1.0,1.3700000047683716,1.3700000047683716
2025-06-04,SMTK,yfinance,1.2999999523162842,1.4199999570846558,1.2999999523162842,1.409999966621399,1.409999966621399,65800,0.0,0.0,1.0,1.2999999523162842,1.409999966621399
2025-06-05,SMTK,yfinance,1.3899999856948853,1.440000057220459,1.2999999523162842,1.340000033378601,1.340000033378601,100700,0.0,0.0,1.0,1.3899999856948853,1.340000033378601
2025-06-06,SMTK,yfinance,1.2599999904632568,1.4299999475479126,1.2510000467300415,1.340000033378601,1.340000033378601,61700,0.0,0.0,1.0,1.2599999904632568,1.340000033378601
2025-06-09,SMTK,yfinance,1.3899999856948853,1.409999966621399,1.350000023841858,1.3869999647140503,1.3869999647140503,22400,0.0,0.0,1.0,1.3899999856948853,1.3869999647140503
2025-06-10,SMTK,yfinance,1.2999999523162842,1.3899999856948853,1.2000000476837158,1.2100000381469729,1.2100000381469729,49200,0.0,0.0,1.0,1.2999999523162842,1.2100000381469729
2025-06-11,SMTK,yfinance,1.2400000095367432,1.2999999523162842,1.100000023841858,1.1299999952316284,1.1299999952316284,85500,0.0,0.0,1.0,1.2400000095367432,1.1299999952316284
2025-06-12,SMTK,yfinance,1.1299999952316284,1.1799999475479126,1.1100000143051147,1.1699999570846558,1.1699999570846558,46000,0.0,0.0,1.0,1.1299999952316284,1.1699999570846558
2025-06-13,SMTK,yfinance,1.1399999856948853,1.1799999475479126,1.1299999952316284,1.1399999856948853,1.1399999856948853,25600,0.0,0.0,1.0,1.1399999856948853,1.1399999856948853
2025-06-16,SMTK,yfinance,1.1200000047683716,1.1399999856948853,1.100000023841858,1.1299999952316284,1.1299999952316284,27200,0.0,0.0,1.0,1.1200000047683716,1.1299999952316284
2025-06-17,SMTK,yfinance,1.0700000524520874,1.1299999952316284,1.0700000524520874,1.0700000524520874,1.0700000524520874,33200,0.0,0.0,1.0,1.0700000524520874,1.0700000524520874
2025-06-18,SMTK,yfinance,1.059999942779541,1.0700000524520874,1.0199999809265137,1.0399999618530271,1.0399999618530271,27100,0.0,0.0,1.0,1.059999942779541,1.0399999618530271
2025-06-20,SMTK,yfinance,1.0499999523162842,1.0700000524520874,0.949999988079071,1.0,1.0,68300,0.0,0.0,1.0,1.0499999523162842,1.0
2025-06-23,SMTK,yfinance,0.9900000095367432,0.9900000095367432,0.9210000038146972,0.925000011920929,0.925000011920929,50400,0.0,0.0,1.0,0.9900000095367432,0.925000011920929
2025-06-24,SMTK,yfinance,0.8090000152587891,0.949999988079071,0.7799999713897705,0.9300000071525574,0.9300000071525574,2029400,0.0,0.0,1.0,0.8090000152587891,0.9300000071525574
2025-06-25,SMTK,yfinance,0.9049999713897704,1.0499999523162842,0.8799999952316284,0.959999978542328,0.959999978542328,140900,0.0,0.0,1.0,0.9049999713897704,0.959999978542328
2025-06-26,SMTK,yfinance,0.9300000071525574,1.0,0.8700000047683716,0.9200000166893004,0.9200000166893004,56800,0.0,0.0,1.0,0.9300000071525574,0.9200000166893004
2025-06-27,SMTK,yfinance,0.8949999809265137,0.949999988079071,0.8399999737739563,0.9300000071525574,0.9300000071525574,38000,0.0,0.0,1.0,0.8949999809265137,0.9300000071525574
2025-06-30,SMTK,yfinance,0.9300000071525574,1.0299999713897705,0.9300000071525574,1.0099999904632568,1.0099999904632568,81500,0.0,0.0,1.0,0.9300000071525574,1.0099999904632568
2025-07-01,SMTK,yfinance,1.0199999809265137,1.0800000429153442,0.959999978542328,1.0099999904632568,1.0099999904632568,72900,0.0,0.0,1.0,1.0199999809265137,1.0099999904632568
2025-07-02,SMTK,yfinance,1.0399999618530271,1.059999942779541,1.0,1.034999966621399,1.034999966621399,54000,0.0,0.0,1.0,1.0399999618530271,1.034999966621399
2025-07-03,SMTK,yfinance,1.0,1.0399999618530271,0.9760000109672546,1.0099999904632568,1.0099999904632568,23100,0.0,0.0,1.0,1.0,1.0099999904632568
2025-07-07,SMTK,yfinance,1.0299999713897705,1.0299999713897705,0.9710000157356262,1.0,1.0,42200,0.0,0.0,1.0,1.0299999713897705,1.0
2025-07-08,SMTK,yfinance,0.9660000205039978,1.0,0.9660000205039978,1.0,1.0,60400,0.0,0.0,1.0,0.9660000205039978,1.0
2025-07-09,SMTK,yfinance,0.8899999856948853,1.0099999904632568,0.8899999856948853,1.0,1.0,476100,0.0,0.0,1.0,0.8899999856948853,1.0
2025-07-10,SMTK,yfinance,0.9800000190734864,1.0,0.9559999704360962,1.0,1.0,23200,0.0,0.0,1.0,0.9800000190734864,1.0
2025-07-11,SMTK,yfinance,1.0,1.0700000524520874,0.9449999928474426,0.9900000095367432,0.9900000095367432,507400,0.0,0.0,1.0,1.0,0.9900000095367432
2025-07-14,SMTK,yfinance,0.9810000061988832,0.9900000095367432,0.8999999761581421,0.949999988079071,0.949999988079071,73300,0.0,0.0,1.0,0.9810000061988832,0.949999988079071
2025-07-15,SMTK,yfinance,0.949999988079071,0.9570000171661376,0.800000011920929,0.8270000219345093,0.8270000219345093,129300,0.0,0.0,1.0,0.949999988079071,0.8270000219345093
2025-07-16,SMTK,yfinance,0.8299999833106995,0.8489999771118164,0.7799999713897705,0.8169999718666077,0.8169999718666077,66600,0.0,0.0,1.0,0.8299999833106995,0.8169999718666077
2025-07-17,SMTK,yfinance,0.8379999995231628,1.2300000190734863,0.8199999928474426,1.1200000047683716,1.1200000047683716,3260300,0.0,0.0,1.0,0.8379999995231628,1.1200000047683716
2025-07-18,SMTK,yfinance,1.1299999952316284,1.1299999952316284,0.949999988079071,1.0499999523162842,1.0499999523162842,391000,0.0,0.0,1.0,1.1299999952316284,1.0499999523162842
2025-07-21,SMTK,yfinance,1.0199999809265137,1.0399999618530271,0.9800000190734864,1.037999987602234,1.037999987602234,89200,0.0,0.0,1.0,1.0199999809265137,1.037999987602234
2025-07-22,SMTK,yfinance,1.0099999904632568,1.0700000524520874,0.9900000095367432,1.0,1.0,45000,0.0,0.0,1.0,1.0099999904632568,1.0
2025-07-23,SMTK,yfinance,1.0099999904632568,1.034000039100647,1.0,1.0,1.0,41500,0.0,0.0,1.0,1.0099999904632568,1.0
2025-07-24,SMTK,yfinance,1.0,1.0,0.9399999976158142,0.959999978542328,0.959999978542328,58200,0.0,0.0,1.0,1.0,0.959999978542328
2025-07-25,SMTK,yfinance,0.9800000190734864,0.9990000128746032,0.959999978542328,0.959999978542328,0.959999978542328,39400,0.0,0.0,1.0,0.9800000190734864,0.959999978542328
2025-07-28,SMTK,yfinance,0.9800000190734864,0.9800000190734864,0.9399999976158142,0.949999988079071,0.949999988079071,36000,0.0,0.0,1.0,0.9800000190734864,0.949999988079071
2025-07-29,SMTK,yfinance,0.9330000281333924,0.9869999885559082,0.9200000166893004,0.949999988079071,0.949999988079071,19600,0.0,0.0,1.0,0.9330000281333924,0.949999988079071
2025-07-30,SMTK,yfinance,0.9300000071525574,0.949999988079071,0.9200000166893004,0.9300000071525574,0.9300000071525574,16400,0.0,0.0,1.0,0.9300000071525574,0.9300000071525574
2025-07-31,SMTK,yfinance,0.9200000166893004,0.9300000071525574,0.912999987602234,0.9190000295639038,0.9190000295639038,29300,0.0,0.0,1.0,0.9200000166893004,0.9190000295639038
2025-08-01,SMTK,yfinance,0.9100000262260436,0.9399999976158142,0.9020000100135804,0.9100000262260436,0.9100000262260436,25300,0.0,0.0,1.0,0.9100000262260436,0.9100000262260436
2025-08-04,SMTK,yfinance,0.9200000166893004,0.9200000166893004,0.8629999756813049,0.8949999809265137,0.8949999809265137,44900,0.0,0.0,1.0,0.9200000166893004,0.8949999809265137
2025-08-05,SMTK,yfinance,0.8999999761581421,0.8999999761581421,0.8799999952316284,0.8999999761581421,0.8999999761581421,22800,0.0,0.0,1.0,0.8999999761581421,0.8999999761581421
2025-08-06,SMTK,yfinance,0.9100000262260436,0.9100000262260436,0.8730000257492065,0.8899999856948853,0.8899999856948853,9800,0.0,0.0,1.0,0.9100000262260436,0.8899999856948853
2025-08-07,SMTK,yfinance,0.8799999952316284,0.8799999952316284,0.8500000238418579,0.8700000047683716,0.8700000047683716,29800,0.0,0.0,1.0,0.8799999952316284,0.8700000047683716
2025-08-08,SMTK,yfinance,0.8500000238418579,0.8700000047683716,0.8199999928474426,0.8299999833106995,0.8299999833106995,32100,0.0,0.0,1.0,0.8500000238418579,0.8299999833106995
2025-08-11,SMTK,yfinance,0.8299999833106995,0.8299999833106995,0.8119999766349792,0.8199999928474426,0.8199999928474426,26000,0.0,0.0,1.0,0.8299999833106995,0.8199999928474426
2025-08-12,SMTK,yfinance,0.824999988079071,0.8289999961853027,0.8050000071525574,0.8199999928474426,0.8199999928474426,63600,0.0,0.0,1.0,0.824999988079071,0.8199999928474426
2025-08-13,SMTK,yfinance,0.8199999928474426,0.8199999928474426,0.6850000023841858,0.6899999976158142,0.6899999976158142,191800,0.0,0.0,1.0,0.8199999928474426,0.6899999976158142
2025-08-14,SMTK,yfinance,0.6850000023841858,0.6899999976158142,0.5960000157356262,0.6000000238418579,0.6000000238418579,104800,0.0,0.0,1.0,0.6850000023841858,0.6000000238418579
2025-08-15,SMTK,yfinance,0.6000000238418579,0.6600000262260437,0.5849999785423279,0.6190000176429749,0.6190000176429749,174100,0.0,0.0,1.0,0.6000000238418579,0.6190000176429749
2025-08-18,SMTK,yfinance,0.6200000047683716,0.7889999747276306,0.6119999885559082,0.7149999737739563,0.7149999737739563,981100,0.0,0.0,1.0,0.6200000047683716,0.7149999737739563
2025-08-19,SMTK,yfinance,0.7200000286102295,0.7200000286102295,0.675000011920929,0.699999988079071,0.699999988079071,136100,0.0,0.0,1.0,0.7200000286102295,0.699999988079071
2025-08-20,SMTK,yfinance,0.699999988079071,0.699999988079071,0.6499999761581421,0.6650000214576721,0.6650000214576721,90800,0.0,0.0,1.0,0.699999988079071,0.6650000214576721
2025-08-21,SMTK,yfinance,0.652999997138977,0.6890000104904175,0.6449999809265137,0.6499999761581421,0.6499999761581421,134900,0.0,0.0,1.0,0.652999997138977,0.6499999761581421
2025-08-22,SMTK,yfinance,0.675000011920929,0.6769999861717224,0.6399999856948853,0.6499999761581421,0.6499999761581421,57000,0.0,0.0,1.0,0.675000011920929,0.6499999761581421
2025-08-25,SMTK,yfinance,0.6600000262260437,0.6679999828338623,0.6449999809265137,0.6570000052452087,0.6570000052452087,40100,0.0,0.0,1.0,0.6600000262260437,0.6570000052452087
2025-08-26,SMTK,yfinance,0.6460000276565552,0.6669999957084656,0.6349999904632568,0.6499999761581421,0.6499999761581421,73400,0.0,0.0,1.0,0.6460000276565552,0.6499999761581421
2025-08-27,SMTK,yfinance,0.6460000276565552,0.6489999890327454,0.6349999904632568,0.6489999890327454,0.6489999890327454,23800,0.0,0.0,1.0,0.6460000276565552,0.6489999890327454
2025-08-28,SMTK,yfinance,0.6499999761581421,0.7599999904632568,0.6499999761581421,0.7419999837875366,0.7419999837875366,299100,0.0,0.0,1.0,0.6499999761581421,0.7419999837875366
2025-08-29,SMTK,yfinance,0.7680000066757202,0.9200000166893004,0.6600000262260437,0.8429999947547913,0.8429999947547913,499000,0.0,0.0,1.0,0.7680000066757202,0.8429999947547913
2025-09-02,SMTK,yfinance,0.8429999947547913,2.3399999141693115,0.8429999947547913,1.4500000476837158,1.4500000476837158,80345800,0.0,0.0,1.0,0.8429999947547913,1.4500000476837158
2025-09-03,SMTK,yfinance,1.2599999904632568,1.7899999618530271,1.0800000429153442,1.159999966621399,1.159999966621399,3175100,0.0,0.0,1.0,1.2599999904632568,1.159999966621399
2025-09-04,SMTK,yfinance,1.2400000095367432,1.7999999523162842,1.2200000286102295,1.5499999523162842,1.5499999523162842,6726400,0.0,0.0,1.0,1.2400000095367432,1.5499999523162842
2025-09-05,SMTK,yfinance,1.649999976158142,1.919999957084656,1.5,1.649999976158142,1.649999976158142,2270000,0.0,0.0,1.0,1.649999976158142,1.649999976158142
2025-09-08,SMTK,yfinance,1.6799999475479126,1.7999999523162842,1.3600000143051147,1.4199999570846558,1.4199999570846558,876200,0.0,0.0,1.0,1.6799999475479126,1.4199999570846558
2025-09-09,SMTK,yfinance,1.4199999570846558,1.7400000095367432,1.4199999570846558,1.7000000476837158,1.7000000476837158,737400,0.0,0.0,1.0,1.4199999570846558,1.7000000476837158
2025-09-10,SMTK,yfinance,1.5800000429153442,1.600000023841858,1.4500000476837158,1.5299999713897705,1.5299999713897705,439300,0.0,0.0,1.0,1.5800000429153442,1.5299999713897705
2025-09-11,SMTK,yfinance,1.5499999523162842,1.7769999504089355,1.5210000276565552,1.7300000190734863,1.7300000190734863,260500,0.0,0.0,1.0,1.5499999523162842,1.7300000190734863
2025-09-12,SMTK,yfinance,1.75,1.75,1.5920000076293943,1.6299999952316284,1.6299999952316284,147500,0.0,0.0,1.0,1.75,1.6299999952316284
2025-09-15,SMTK,yfinance,1.649999976158142,1.7999999523162842,1.590999960899353,1.7000000476837158,1.7000000476837158,219100,0.0,0.0,1.0,1.649999976158142,1.7000000476837158
2025-09-16,SMTK,yfinance,1.7400000095367432,1.787999987602234,1.649999976158142,1.659999966621399,1.659999966621399,147200,0.0,0.0,1.0,1.7400000095367432,1.659999966621399
2025-09-17,SMTK,yfinance,1.690000057220459,1.7000000476837158,1.4700000286102295,1.4800000190734863,1.4800000190734863,236800,0.0,0.0,1.0,1.690000057220459,1.4800000190734863
2025-09-18,SMTK,yfinance,1.4800000190734863,1.600000023841858,1.340000033378601,1.600000023841858,1.600000023841858,491900,0.0,0.0,1.0,1.4800000190734863,1.600000023841858
2025-09-19,SMTK,yfinance,1.559999942779541,1.6100000143051147,1.4500000476837158,1.4500000476837158,1.4500000476837158,101400,0.0,0.0,1.0,1.559999942779541,1.4500000476837158
2025-09-22,SMTK,yfinance,1.4800000190734863,1.6399999856948853,1.4509999752044678,1.6399999856948853,1.6399999856948853,100300,0.0,0.0,1.0,1.4800000190734863,1.6399999856948853
2025-09-23,SMTK,yfinance,1.6200000047683716,1.6699999570846558,1.5700000524520874,1.6100000143051147,1.6100000143051147,155200,0.0,0.0,1.0,1.6200000047683716,1.6100000143051147
2025-09-24,SMTK,yfinance,1.7000000476837158,1.9299999475479128,1.5579999685287476,1.909999966621399,1.909999966621399,301800,0.0,0.0,1.0,1.7000000476837158,1.909999966621399
2025-09-25,SMTK,yfinance,1.909999966621399,2.0899999141693115,1.809999942779541,1.9900000095367432,1.9900000095367432,271800,0.0,0.0,1.0,1.909999966621399,1.9900000095367432
2025-09-26,SMTK,yfinance,1.9800000190734863,2.015000104904175,1.809999942779541,1.8799999952316284,1.8799999952316284,51600,0.0,0.0,1.0,1.9800000190734863,1.8799999952316284
2025-09-29,SMTK,yfinance,1.830000042915344,1.909999966621399,1.4600000381469729,1.559999942779541,1.559999942779541,111600,0.0,0.0,1.0,1.830000042915344,1.559999942779541
2025-09-30,SMTK,yfinance,1.6299999952316284,1.7949999570846558,1.5540000200271606,1.6799999475479126,1.6799999475479126,87700,0.0,0.0,1.0,1.6299999952316284,1.6799999475479126
2025-10-01,SMTK,yfinance,1.600000023841858,1.7400000095367432,1.559999942779541,1.7400000095367432,1.7400000095367432,38300,0.0,0.0,1.0,1.600000023841858,1.7400000095367432
2025-10-02,SMTK,yfinance,1.7200000286102295,2.5999999046325684,1.7000000476837158,2.200000047683716,2.200000047683716,1226200,0.0,0.0,1.0,1.7200000286102295,2.200000047683716
2025-10-03,SMTK,yfinance,2.25,2.3299999237060547,2.0,2.2799999713897705,2.2799999713897705,285800,0.0,0.0,1.0,2.25,2.2799999713897705
2025-10-06,SMTK,yfinance,2.390000104904175,2.927999973297119,2.25,2.7699999809265137,2.7699999809265137,510300,0.0,0.0,1.0,2.390000104904175,2.7699999809265137
2025-10-07,SMTK,yfinance,3.650000095367432,3.799999952316284,1.7999999523162842,1.899999976158142,1.899999976158142,1010500,0.0,0.0,1.0,3.650000095367432,1.899999976158142
2025-10-08,SMTK,yfinance,1.9299999475479128,2.0899999141693115,1.277999997138977,1.909999966621399,1.909999966621399,1069600,0.0,0.0,1.0,1.9299999475479128,1.909999966621399
2025-10-09,SMTK,yfinance,1.909999966621399,2.109999895095825,1.8109999895095823,2.0899999141693115,2.0899999141693115,133900,0.0,0.0,1.0,1.909999966621399,2.0899999141693115
2025-10-10,SMTK,yfinance,2.0799999237060547,2.25,2.0299999713897705,2.0999999046325684,2.0999999046325684,146700,0.0,0.0,1.0,2.0799999237060547,2.0999999046325684
2025-10-13,SMTK,yfinance,2.2300000190734863,2.25600004196167,2.134999990463257,2.180000066757202,2.180000066757202,135000,0.0,0.0,1.0,2.2300000190734863,2.180000066757202
2025-10-14,SMTK,yfinance,2.140000104904175,3.140000104904175,1.8899999856948853,2.8299999237060547,2.8299999237060547,499300,0.0,0.0,1.0,2.140000104904175,2.8299999237060547
2025-10-15,SMTK,yfinance,2.509999990463257,2.950000047683716,2.5,2.7100000381469727,2.7100000381469727,235800,0.0,0.0,1.0,2.509999990463257,2.7100000381469727
2025-10-16,SMTK,yfinance,2.640000104904175,2.650000095367432,2.1700000762939453,2.3399999141693115,2.3399999141693115,236500,0.0,0.0,1.0,2.640000104904175,2.3399999141693115
2025-10-17,SMTK,yfinance,2.240000009536743,2.2679998874664307,2.0999999046325684,2.109999895095825,2.109999895095825,90200,0.0,0.0,1.0,2.240000009536743,2.109999895095825
2025-10-20,SMTK,yfinance,2.2300000190734863,2.664999961853028,2.2300000190734863,2.369999885559082,2.369999885559082,201200,0.0,0.0,1.0,2.2300000190734863,2.369999885559082
2025-10-21,SMTK,yfinance,2.2699999809265137,2.319999933242798,2.140000104904175,2.190000057220459,2.190000057220459,103100,0.0,0.0,1.0,2.2699999809265137,2.190000057220459
2025-10-22,SMTK,yfinance,2.140000104904175,2.2300000190734863,2.0,2.200000047683716,2.200000047683716,300200,0.0,0.0,1.0,2.140000104904175,2.200000047683716
2025-10-23,SMTK,yfinance,2.200000047683716,2.299999952316284,2.0999999046325684,2.150000095367432,2.150000095367432,74600,0.0,0.0,1.0,2.200000047683716,2.150000095367432
2025-10-24,SMTK,yfinance,2.220000028610229,2.299999952316284,1.9700000286102293,2.069999933242798,2.069999933242798,82500,0.0,0.0,1.0,2.220000028610229,2.069999933242798
2025-10-27,SMTK,yfinance,2.069999933242798,2.3499999046325684,2.009999990463257,2.0199999809265137,2.0199999809265137,161600,0.0,0.0,1.0,2.069999933242798,2.0199999809265137
2025-10-28,SMTK,yfinance,2.0999999046325684,2.309999942779541,2.0510001182556152,2.2300000190734863,2.2300000190734863,162500,0.0,0.0,1.0,2.0999999046325684,2.2300000190734863
2025-10-29,SMTK,yfinance,2.190000057220459,2.26200008392334,2.130000114440918,2.130000114440918,2.130000114440918,39000,0.0,0.0,1.0,2.190000057220459,2.130000114440918
2025-10-30,SMTK,yfinance,2.130000114440918,2.2909998893737797,2.0799999237060547,2.0899999141693115,2.0899999141693115,43400,0.0,0.0,1.0,2.130000114440918,2.0899999141693115
2025-10-31,SMTK,yfinance,2.2249999046325684,2.2880001068115234,2.049999952316284,2.109999895095825,2.109999895095825,62700,0.0,0.0,1.0,2.2249999046325684,2.109999895095825
2025-11-03,SMTK,yfinance,2.180000066757202,2.180000066757202,1.9900000095367432,2.0,2.0,54400,0.0,0.0,1.0,2.180000066757202,2.0
2025-11-04,SMTK,yfinance,2.0299999713897705,2.049999952316284,1.7999999523162842,1.850000023841858,1.850000023841858,106600,0.0,0.0,1.0,2.0299999713897705,1.850000023841858
2025-11-05,SMTK,yfinance,1.8200000524520876,1.9079999923706052,1.649999976158142,1.830000042915344,1.830000042915344,27900,0.0,0.0,1.0,1.8200000524520876,1.830000042915344
2025-11-06,SMTK,yfinance,1.830000042915344,1.830000042915344,1.7300000190734863,1.830000042915344,1.830000042915344,13000,0.0,0.0,1.0,1.830000042915344,1.830000042915344
2025-11-07,SMTK,yfinance,1.7699999809265137,1.8350000381469729,1.437000036239624,1.7000000476837158,1.7000000476837158,43900,0.0,0.0,1.0,1.7699999809265137,1.7000000476837158
2025-11-10,SMTK,yfinance,1.659999966621399,1.8589999675750728,1.6119999885559082,1.850000023841858,1.850000023841858,56500,0.0,0.0,1.0,1.659999966621399,1.850000023841858
2025-11-11,SMTK,yfinance,1.850000023841858,1.8899999856948853,1.7000000476837158,1.7029999494552612,1.7029999494552612,70500,0.0,0.0,1.0,1.850000023841858,1.7029999494552612
2025-11-12,SMTK,yfinance,1.7000000476837158,1.781000018119812,1.6100000143051147,1.6100000143051147,1.6100000143051147,31600,0.0,0.0,1.0,1.7000000476837158,1.6100000143051147
2025-11-13,SMTK,yfinance,1.6030000448226929,1.7649999856948853,1.399999976158142,1.440000057220459,1.440000057220459,58000,0.0,0.0,1.0,1.6030000448226929,1.440000057220459
2025-11-14,SMTK,yfinance,1.2999999523162842,2.0,1.2999999523162842,1.690000057220459,1.690000057220459,337600,0.0,0.0,1.0,1.2999999523162842,1.690000057220459
2025-11-17,SMTK,yfinance,1.690000057220459,1.7599999904632568,1.5499999523162842,1.5499999523162842,1.5499999523162842,33400,0.0,0.0,1.0,1.690000057220459,1.5499999523162842
2025-11-18,SMTK,yfinance,1.5959999561309814,1.6549999713897705,1.4800000190734863,1.5800000429153442,1.5800000429153442,43600,0.0,0.0,1.0,1.5959999561309814,1.5800000429153442
2025-11-19,SMTK,yfinance,1.7100000381469729,1.7100000381469729,1.5499999523162842,1.5499999523162842,1.5499999523162842,29000,0.0,0.0,1.0,1.7100000381469729,1.5499999523162842
2025-11-20,SMTK,yfinance,1.649999976158142,1.6549999713897705,1.319000005722046,1.3229999542236328,1.3229999542236328,2102300,0.0,0.0,1.0,1.649999976158142,1.3229999542236328
2025-11-21,SMTK,yfinance,1.3300000429153442,1.4500000476837158,1.1399999856948853,1.3200000524520874,1.3200000524520874,426300,0.0,0.0,1.0,1.3300000429153442,1.3200000524520874
2025-11-24,SMTK,yfinance,1.159999966621399,1.3300000429153442,1.159999966621399,1.2899999618530271,1.2899999618530271,83200,0.0,0.0,1.0,1.159999966621399,1.2899999618530271
2025-11-25,SMTK,yfinance,1.3200000524520874,1.4199999570846558,1.25,1.340000033378601,1.340000033378601,61800,0.0,0.0,1.0,1.3200000524520874,1.340000033378601
2025-11-26,SMTK,yfinance,1.35099995136261,1.4199999570846558,1.340000033378601,1.340000033378601,1.340000033378601,79600,0.0,0.0,1.0,1.35099995136261,1.340000033378601
2025-11-28,SMTK,yfinance,1.3799999952316284,1.5399999618530271,1.340000033378601,1.4199999570846558,1.4199999570846558,31200,0.0,0.0,1.0,1.3799999952316284,1.4199999570846558
2025-12-01,SMTK,yfinance,1.5,1.5299999713897705,1.3899999856948853,1.5,1.5,28900,0.0,0.0,1.0,1.5,1.5
2025-12-02,SMTK,yfinance,1.4800000190734863,1.600000023841858,1.409999966621399,1.4700000286102295,1.4700000286102295,51800,0.0,0.0,1.0,1.4800000190734863,1.4700000286102295
2025-12-03,SMTK,yfinance,1.5199999809265137,1.5989999771118164,1.4249999523162842,1.4500000476837158,1.4500000476837158,42000,0.0,0.0,1.0,1.5199999809265137,1.4500000476837158
2025-12-04,SMTK,yfinance,1.4390000104904177,1.4700000286102295,1.3600000143051147,1.4600000381469729,1.4600000381469729,42300,0.0,0.0,1.0,1.4390000104904177,1.4600000381469729
2025-12-05,SMTK,yfinance,1.399999976158142,1.559000015258789,1.2400000095367432,1.5199999809265137,1.5199999809265137,108100,0.0,0.0,1.0,1.399999976158142,1.5199999809265137
2025-12-08,SMTK,yfinance,1.5800000429153442,1.5800000429153442,1.4299999475479126,1.559999942779541,1.559999942779541,142100,0.0,0.0,1.0,1.5800000429153442,1.559999942779541
2025-12-09,SMTK,yfinance,1.5700000524520874,1.625,1.465000033378601,1.5800000429153442,1.5800000429153442,48800,0.0,0.0,1.0,1.5700000524520874,1.5800000429153442
2025-12-10,SMTK,yfinance,1.659999966621399,1.7999999523162842,1.5670000314712524,1.7400000095367432,1.7400000095367432,176400,0.0,0.0,1.0,1.659999966621399,1.7400000095367432
2025-12-11,SMTK,yfinance,1.7400000095367432,1.840000033378601,1.649999976158142,1.7300000190734863,1.7300000190734863,65600,0.0,0.0,1.0,1.7400000095367432,1.7300000190734863
2025-12-12,SMTK,yfinance,1.7359999418258667,1.7400000095367432,1.600000023841858,1.7000000476837158,1.7000000476837158,87900,0.0,0.0,1.0,1.7359999418258667,1.7000000476837158
2025-12-15,SMTK,yfinance,1.649999976158142,1.649999976158142,1.409999966621399,1.4900000095367432,1.4900000095367432,34100,0.0,0.0,1.0,1.649999976158142,1.4900000095367432
2025-12-16,SMTK,yfinance,1.4700000286102295,1.590000033378601,1.409999966621399,1.590000033378601,1.590000033378601,40900,0.0,0.0,1.0,1.4700000286102295,1.590000033378601
2025-12-17,SMTK,yfinance,1.5299999713897705,1.5700000524520874,1.5,1.5700000524520874,1.5700000524520874,11100,0.0,0.0,1.0,1.5299999713897705,1.5700000524520874
2025-12-18,SMTK,yfinance,1.562000036239624,1.649999976158142,1.5499999523162842,1.6299999952316284,1.6299999952316284,38400,0.0,0.0,1.0,1.562000036239624,1.6299999952316284
2025-12-19,SMTK,yfinance,1.559999942779541,1.600000023841858,1.5099999904632568,1.5099999904632568,1.5099999904632568,22900,0.0,0.0,1.0,1.559999942779541,1.5099999904632568
2025-12-22,SMTK,yfinance,1.4800000190734863,1.5399999618530271,1.4600000381469729,1.4800000190734863,1.4800000190734863,22100,0.0,0.0,1.0,1.4800000190734863,1.4800000190734863
2025-12-23,SMTK,yfinance,1.4500000476837158,1.4900000095367432,1.4199999570846558,1.4800000190734863,1.4800000190734863,18500,0.0,0.0,1.0,1.4500000476837158,1.4800000190734863
2025-12-24,SMTK,yfinance,1.4220000505447388,1.628000020980835,1.4199999570846558,1.6200000047683716,1.6200000047683716,59300,0.0,0.0,1.0,1.4220000505447388,1.6200000047683716
2025-12-26,SMTK,yfinance,1.5700000524520874,1.6699999570846558,1.5140000581741333,1.6299999952316284,1.6299999952316284,62200,0.0,0.0,1.0,1.5700000524520874,1.6299999952316284
2025-12-29,SMTK,yfinance,1.5700000524520874,1.6200000047683716,1.4199999570846558,1.4500000476837158,1.4500000476837158,65800,0.0,0.0,1.0,1.5700000524520874,1.4500000476837158
2025-12-30,SMTK,yfinance,1.4600000381469729,1.4900000095367432,1.159999966621399,1.2300000190734863,1.2300000190734863,141800,0.0,0.0,1.0,1.4600000381469729,1.2300000190734863
2025-12-31,SMTK,yfinance,1.187000036239624,1.190000057220459,1.0199999809265137,1.065000057220459,1.065000057220459,175000,0.0,0.0,1.0,1.187000036239624,1.065000057220459
2026-01-02,SMTK,yfinance,1.100000023841858,1.190000057220459,1.100000023841858,1.190000057220459,1.190000057220459,22400,0.0,0.0,1.0,1.100000023841858,1.190000057220459
2026-01-05,SMTK,yfinance,1.2200000286102295,1.2300000190734863,1.1100000143051147,1.2200000286102295,1.2200000286102295,33000,0.0,0.0,1.0,1.2200000286102295,1.2200000286102295
2026-01-06,SMTK,yfinance,1.2000000476837158,1.3200000524520874,1.190000057220459,1.2999999523162842,1.2999999523162842,86400,0.0,0.0,1.0,1.2000000476837158,1.2999999523162842
2026-01-07,SMTK,yfinance,1.3200000524520874,1.350000023841858,1.25,1.2899999618530271,1.2899999618530271,29000,0.0,0.0,1.0,1.3200000524520874,1.2899999618530271
2026-01-08,SMTK,yfinance,1.284000039100647,1.284000039100647,1.0499999523162842,1.090000033378601,1.090000033378601,112500,0.0,0.0,1.0,1.284000039100647,1.090000033378601
2026-01-09,SMTK,yfinance,1.0700000524520874,1.2079999446868896,1.0700000524520874,1.1100000143051147,1.1100000143051147,46200,0.0,0.0,1.0,1.0700000524520874,1.1100000143051147
2026-01-12,SMTK,yfinance,1.1100000143051147,1.1990000009536743,1.1100000143051147,1.1399999856948853,1.1399999856948853,17000,0.0,0.0,1.0,1.1100000143051147,1.1399999856948853
2026-01-13,SMTK,yfinance,1.159999966621399,1.159999966621399,1.065999984741211,1.1299999952316284,1.1299999952316284,15600,0.0,0.0,1.0,1.159999966621399,1.1299999952316284
2026-01-14,SMTK,yfinance,1.159999966621399,1.1799999475479126,1.0,1.1200000047683716,1.1200000047683716,16400,0.0,0.0,1.0,1.159999966621399,1.1200000047683716
2026-01-15,SMTK,yfinance,1.100000023841858,1.25,1.0099999904632568,1.2300000190734863,1.2300000190734863,1540000,0.0,0.0,1.0,1.100000023841858,1.2300000190734863
2026-01-16,SMTK,yfinance,1.2300000190734863,1.2300000190734863,1.1100000143051147,1.159999966621399,1.159999966621399,83200,0.0,0.0,1.0,1.2300000190734863,1.159999966621399
2026-01-20,SMTK,yfinance,1.149999976158142,1.2000000476837158,1.0099999904632568,1.0199999809265137,1.0199999809265137,97000,0.0,0.0,1.0,1.149999976158142,1.0199999809265137
2026-01-21,SMTK,yfinance,1.0299999713897705,1.0850000381469729,0.8009999990463257,0.8560000061988831,0.8560000061988831,155300,0.0,0.0,1.0,1.0299999713897705,0.8560000061988831
2026-01-22,SMTK,yfinance,0.8999999761581421,0.949999988079071,0.8360000252723694,0.8999999761581421,0.8999999761581421,64200,0.0,0.0,1.0,0.8999999761581421,0.8999999761581421
2026-01-23,SMTK,yfinance,0.8999999761581421,0.8999999761581421,0.7269999980926514,0.7799999713897705,0.7799999713897705,92800,0.0,0.0,1.0,0.8999999761581421,0.7799999713897705
2026-01-26,SMTK,yfinance,0.8100000023841858,0.8500000238418579,0.6899999976158142,0.75,0.75,87300,0.0,0.0,1.0,0.8100000023841858,0.75
2026-01-27,SMTK,yfinance,0.75,0.7919999957084656,0.699999988079071,0.7580000162124634,0.7580000162124634,124900,0.0,0.0,1.0,0.75,0.7580000162124634
2026-01-28,SMTK,yfinance,0.75,0.75,0.5699999928474426,0.6700000166893005,0.6700000166893005,255600,0.0,0.0,1.0,0.75,0.6700000166893005
2026-01-29,SMTK,yfinance,0.6600000262260437,0.7739999890327454,0.625,0.7400000095367432,0.7400000095367432,145400,0.0,0.0,1.0,0.6600000262260437,0.7400000095367432
2026-01-30,SMTK,yfinance,0.7400000095367432,0.8700000047683716,0.6809999942779541,0.8040000200271606,0.8040000200271606,249000,0.0,0.0,1.0,0.7400000095367432,0.8040000200271606
2026-02-02,SMTK,yfinance,0.9169999957084656,0.9169999957084656,0.6800000071525574,0.6970000267028809,0.6970000267028809,1383800,0.0,0.0,1.0,0.9169999957084656,0.6970000267028809
2026-02-03,SMTK,yfinance,0.7400000095367432,0.75,0.5350000262260437,0.5799999833106995,0.5799999833106995,521200,0.0,0.0,1.0,0.7400000095367432,0.5799999833106995
2026-02-04,SMTK,yfinance,0.5789999961853027,0.5799999833106995,0.4300000071525574,0.4799999892711639,0.4799999892711639,791300,0.0,0.0,1.0,0.5789999961853027,0.4799999892711639
2026-02-05,SMTK,yfinance,0.4709999859333038,0.5109999775886536,0.4659999907016754,0.5040000081062317,0.5040000081062317,217000,0.0,0.0,1.0,0.4709999859333038,0.5040000081062317
2026-02-06,SMTK,yfinance,0.5490000247955322,0.5600000023841858,0.3199999928474426,0.3959999978542328,0.3959999978542328,33719400,0.0,0.0,1.0,0.5490000247955322,0.3959999978542328
2026-02-09,SMTK,yfinance,0.3740000128746032,0.3889999985694885,0.3459999859333038,0.3619999885559082,0.3619999885559082,875600,0.0,0.0,1.0,0.3740000128746032,0.3619999885559082
2026-02-10,SMTK,yfinance,0.3300000131130218,0.3700000047683716,0.3289999961853027,0.3650000095367431,0.3650000095367431,800200,0.0,0.0,1.0,0.3300000131130218,0.3650000095367431
2026-02-11,SMTK,yfinance,0.3540000021457672,0.3540000021457672,0.2599999904632568,0.3199999928474426,0.3199999928474426,646500,0.0,0.0,1.0,0.3540000021457672,0.3199999928474426
2026-02-12,SMTK,yfinance,0.3199999928474426,0.3319999873638153,0.2709999978542328,0.2960000038146972,0.2960000038146972,280700,0.0,0.0,1.0,0.3199999928474426,0.2960000038146972
2026-02-13,SMTK,yfinance,0.3070000112056732,0.3149999976158142,0.2549999952316284,0.2800000011920929,0.2800000011920929,683300,0.0,0.0,1.0,0.3070000112056732,0.2800000011920929
2026-02-17,SMTK,yfinance,0.2599999904632568,0.2599999904632568,0.221000000834465,0.2399999946355819,0.2399999946355819,783500,0.0,0.0,1.0,0.2599999904632568,0.2399999946355819
2026-02-18,SMTK,yfinance,0.25,0.270000010728836,0.2339999973773956,0.270000010728836,0.270000010728836,464200,0.0,0.0,1.0,0.25,0.270000010728836
2026-02-19,SMTK,yfinance,0.2759999930858612,0.3070000112056732,0.2660000026226043,0.3070000112056732,0.3070000112056732,347500,0.0,0.0,1.0,0.2759999930858612,0.3070000112056732
2026-02-20,SMTK,yfinance,0.3000000119209289,0.3100000023841858,0.2899999916553497,0.3089999854564667,0.3089999854564667,81400,0.0,0.0,1.0,0.3000000119209289,0.3089999854564667
2026-02-23,SMTK,yfinance,0.2949999868869781,0.3050000071525574,0.270000010728836,0.2879999876022339,0.2879999876022339,170100,0.0,0.0,1.0,0.2949999868869781,0.2879999876022339
2026-02-24,SMTK,yfinance,0.2680000066757202,0.2919999957084656,0.2509999871253967,0.2860000133514404,0.2860000133514404,342800,0.0,0.0,1.0,0.2680000066757202,0.2860000133514404
2026-02-25,SMTK,yfinance,0.2800000011920929,0.3000000119209289,0.2800000011920929,0.2879999876022339,0.2879999876022339,36100,0.0,0.0,1.0,0.2800000011920929,0.2879999876022339
2026-02-26,SMTK,yfinance,0.2989999949932098,0.2989999949932098,0.2540000081062317,0.2560000121593475,0.2560000121593475,104100,0.0,0.0,1.0,0.2989999949932098,0.2560000121593475
2026-02-27,SMTK,yfinance,0.2529999911785126,0.270000010728836,0.2509999871253967,0.2529999911785126,0.2529999911785126,98600,0.0,0.0,1.0,0.2529999911785126,0.2529999911785126
2026-03-02,SMTK,yfinance,0.2520000040531158,0.2599999904632568,0.2349999994039535,0.2460000067949295,0.2460000067949295,147600,0.0,0.0,1.0,0.2520000040531158,0.2460000067949295
2026-03-03,SMTK,yfinance,0.2319999933242797,0.2599999904632568,0.2319999933242797,0.2430000007152557,0.2430000007152557,82600,0.0,0.0,1.0,0.2319999933242797,0.2430000007152557
2026-03-04,SMTK,yfinance,0.2479999959468841,0.3400000035762787,0.2430000007152557,0.3109999895095825,0.3109999895095825,2839600,0.0,0.0,1.0,0.2479999959468841,0.3109999895095825
2026-03-05,SMTK,yfinance,0.2720000147819519,0.2860000133514404,0.25,0.2709999978542328,0.2709999978542328,464600,0.0,0.0,1.0,0.2720000147819519,0.2709999978542328
2026-03-06,SMTK,yfinance,0.2660000026226043,0.2730000019073486,0.2509999871253967,0.270000010728836,0.270000010728836,210500,0.0,0.0,1.0,0.2660000026226043,0.270000010728836
2026-03-09,SMTK,yfinance,0.2599999904632568,0.270000010728836,0.25,0.270000010728836,0.270000010728836,166500,0.0,0.0,1.0,0.2599999904632568,0.270000010728836
2026-03-10,SMTK,yfinance,0.2569999992847442,0.270000010728836,0.25,0.257999986410141,0.257999986410141,108700,0.0,0.0,1.0,0.2569999992847442,0.257999986410141
2026-03-11,SMTK,yfinance,0.2599999904632568,0.2639999985694885,0.25,0.2630000114440918,0.2630000114440918,138600,0.0,0.0,1.0,0.2599999904632568,0.2630000114440918
2026-03-12,SMTK,yfinance,0.2630000114440918,0.2630000114440918,0.25,0.2619999945163727,0.2619999945163727,73100,0.0,0.0,1.0,0.2630000114440918,0.2619999945163727
2026-03-13,SMTK,yfinance,0.2630000114440918,0.2630000114440918,0.2450000047683715,0.2590000033378601,0.2590000033378601,125300,0.0,0.0,1.0,0.2630000114440918,0.2590000033378601
2026-03-16,SMTK,yfinance,0.248999997973442,0.2610000073909759,0.238999992609024,0.2529999911785126,0.2529999911785126,300300,0.0,0.0,1.0,0.248999997973442,0.2529999911785126
2026-03-17,SMTK,yfinance,0.25,0.3070000112056732,0.2399999946355819,0.2520000040531158,0.2520000040531158,447800,0.0,0.0,1.0,0.25,0.2520000040531158
2026-03-18,SMTK,yfinance,0.2549999952316284,0.2599999904632568,0.25,0.25,0.25,42000,0.0,0.0,1.0,0.2549999952316284,0.25
2026-03-19,SMTK,yfinance,0.25,0.2639999985694885,0.209999993443489,0.2300000041723251,0.2300000041723251,267500,0.0,0.0,1.0,0.25,0.2300000041723251
2026-03-20,SMTK,yfinance,0.2259999960660934,0.2479999959468841,0.2249999940395355,0.2469999939203262,0.2469999939203262,216300,0.0,0.0,1.0,0.2259999960660934,0.2469999939203262
2026-03-23,SMTK,yfinance,0.2419999986886978,0.2619999945163727,0.2370000034570694,0.2590000033378601,0.2590000033378601,165500,0.0,0.0,1.0,0.2419999986886978,0.2590000033378601
2026-03-24,SMTK,yfinance,0.2520000040531158,0.2520000040531158,0.2329999953508377,0.2329999953508377,0.2329999953508377,70900,0.0,0.0,1.0,0.2520000040531158,0.2329999953508377
2026-03-25,SMTK,yfinance,0.2399999946355819,0.2460000067949295,0.2329999953508377,0.2339999973773956,0.2339999973773956,55000,0.0,0.0,1.0,0.2399999946355819,0.2339999973773956
2026-03-26,SMTK,yfinance,0.2259999960660934,0.25,0.2249999940395355,0.2479999959468841,0.2479999959468841,142900,0.0,0.0,1.0,0.2259999960660934,0.2479999959468841
2026-03-27,SMTK,yfinance,0.2300000041723251,0.2450000047683715,0.2259999960660934,0.2269999980926513,0.2269999980926513,111100,0.0,0.0,1.0,0.2300000041723251,0.2269999980926513
2026-03-30,SMTK,yfinance,0.231000006198883,0.2399999946355819,0.2269999980926513,0.2269999980926513,0.2269999980926513,55600,0.0,0.0,1.0,0.231000006198883,0.2269999980926513
2026-03-31,SMTK,yfinance,0.209999993443489,0.2300000041723251,0.209999993443489,0.2280000001192093,0.2280000001192093,199000,0.0,0.0,1.0,0.209999993443489,0.2280000001192093
2026-04-01,SMTK,yfinance,0.2230000048875808,0.2380000054836273,0.2230000048875808,0.2339999973773956,0.2339999973773956,33400,0.0,0.0,1.0,0.2230000048875808,0.2339999973773956
2026-04-02,SMTK,yfinance,0.2360000014305114,0.2360000014305114,0.2160000056028366,0.2329999953508377,0.2329999953508377,96300,0.0,0.0,1.0,0.2360000014305114,0.2329999953508377
2026-04-06,SMTK,yfinance,0.2269999980926513,0.2899999916553497,0.2269999980926513,0.257999986410141,0.257999986410141,258100,0.0,0.0,1.0,0.2269999980926513,0.257999986410141
2026-04-07,SMTK,yfinance,0.2680000066757202,0.2720000147819519,0.2399999946355819,0.2460000067949295,0.2460000067949295,122800,0.0,0.0,1.0,0.2680000066757202,0.2460000067949295
2026-04-08,SMTK,yfinance,0.270000010728836,0.3449999988079071,0.2599999904632568,0.3300000131130218,0.3300000131130218,2554400,0.0,0.0,1.0,0.270000010728836,0.3300000131130218
2026-04-09,SMTK,yfinance,0.3190000057220459,0.3650000095367431,0.2599999904632568,0.3600000143051147,0.3600000143051147,699400,0.0,0.0,1.0,0.3190000057220459,0.3600000143051147
2026-04-10,SMTK,yfinance,0.3600000143051147,0.3600000143051147,0.3199999928474426,0.3350000083446502,0.3350000083446502,234700,0.0,0.0,1.0,0.3600000143051147,0.3350000083446502
2026-04-13,SMTK,yfinance,0.328000009059906,0.3490000069141388,0.3120000064373016,0.3210000097751617,0.3210000097751617,105000,0.0,0.0,1.0,0.328000009059906,0.3210000097751617
2026-04-14,SMTK,yfinance,0.3109999895095825,0.4650000035762787,0.3100000023841858,0.3569999933242798,0.3569999933242798,2172900,0.0,0.0,1.0,0.3109999895095825,0.3569999933242798
2026-04-15,SMTK,yfinance,0.3499999940395355,0.3630000054836273,0.3219999969005584,0.3440000116825104,0.3440000116825104,258400,0.0,0.0,1.0,0.3499999940395355,0.3440000116825104
2026-04-16,SMTK,yfinance,0.3589999973773956,0.3589999973773956,0.3149999976158142,0.3379999995231628,0.3379999995231628,155700,0.0,0.0,1.0,0.3589999973773956,0.3379999995231628
2026-04-17,SMTK,yfinance,0.3499999940395355,0.3759999871253967,0.3210000097751617,0.3379999995231628,0.3379999995231628,248600,0.0,0.0,1.0,0.3499999940395355,0.3379999995231628
2026-04-20,SMTK,yfinance,0.3300000131130218,0.3610000014305115,0.25,0.2759999930858612,0.2759999930858612,405200,0.0,0.0,1.0,0.3300000131130218,0.2759999930858612
2026-04-21,SMTK,yfinance,0.2899999916553497,0.2939999997615814,0.2569999992847442,0.2630000114440918,0.2630000114440918,127300,0.0,0.0,1.0,0.2899999916553497,0.2630000114440918
2026-04-22,SMTK,yfinance,0.2860000133514404,0.2860000133514404,0.2509999871253967,0.2590000033378601,0.2590000033378601,66900,0.0,0.0,1.0,0.2860000133514404,0.2590000033378601
2026-04-23,SMTK,yfinance,0.2669999897480011,0.2739999890327453,0.25,0.25,0.25,281900,0.0,0.0,1.0,0.2669999897480011,0.25
2026-04-24,SMTK,yfinance,0.2509999871253967,0.2849999964237213,0.2509999871253967,0.2709999978542328,0.2709999978542328,439800,0.0,0.0,1.0,0.2509999871253967,0.2709999978542328
2026-04-27,SMTK,yfinance,0.289000004529953,0.3219999969005584,0.25,0.2590000033378601,0.2590000033378601,294700,0.0,0.0,1.0,0.289000004529953,0.2590000033378601
2026-04-28,SMTK,yfinance,0.2520000040531158,0.2520000040531158,0.2300000041723251,0.2349999994039535,0.2349999994039535,292400,0.0,0.0,1.0,0.2520000040531158,0.2349999994039535
2026-04-29,SMTK,yfinance,0.2220000028610229,0.231000006198883,0.1469999998807907,0.1669999957084655,0.1669999957084655,6644200,0.0,0.0,1.0,0.2220000028610229,0.1669999957084655
2026-04-30,SMTK,yfinance,0.1570000052452087,0.1969999969005584,0.1570000052452087,0.1930000036954879,0.1930000036954879,553000,0.0,0.0,1.0,0.1570000052452087,0.1930000036954879
2026-05-01,SMTK,yfinance,0.2000000029802322,0.2349999994039535,0.1899999976158142,0.2349999994039535,0.2349999994039535,1433200,0.0,0.0,1.0,0.2000000029802322,0.2349999994039535
2026-05-04,SMTK,yfinance,0.2360000014305114,0.3199999928474426,0.2060000002384185,0.2800000011920929,0.2800000011920929,6332400,0.0,0.0,1.0,0.2360000014305114,0.2800000011920929
2026-05-05,SMTK,yfinance,0.2800000011920929,0.3899999856948852,0.2730000019073486,0.3840000033378601,0.3840000033378601,1979600,0.0,0.0,1.0,0.2800000011920929,0.3840000033378601
2026-05-06,SMTK,yfinance,0.4099999964237213,0.4199999868869781,0.3009999990463257,0.3770000040531158,0.3770000040531158,2175400,0.0,0.0,1.0,0.4099999964237213,0.3770000040531158
2026-05-07,SMTK,yfinance,0.382999986410141,0.382999986410141,0.3100000023841858,0.3289999961853027,0.3289999961853027,907200,0.0,0.0,1.0,0.382999986410141,0.3289999961853027
2026-05-08,SMTK,yfinance,0.3240000009536743,0.3490000069141388,0.3000000119209289,0.3219999969005584,0.3219999969005584,411300,0.0,0.0,1.0,0.3240000009536743,0.3219999969005584
2026-05-11,SMTK,yfinance,0.3389999866485595,0.3490000069141388,0.270000010728836,0.289000004529953,0.289000004529953,561800,0.0,0.0,1.0,0.3389999866485595,0.289000004529953
2026-05-12,SMTK,yfinance,0.2899999916553497,0.3000000119209289,0.270000010728836,0.2730000019073486,0.2730000019073486,154900,0.0,0.0,1.0,0.2899999916553497,0.2730000019073486
2026-05-13,SMTK,yfinance,0.2949999868869781,0.2949999868869781,0.2619999945163727,0.2709999978542328,0.2709999978542328,173700,0.0,0.0,1.0,0.2949999868869781,0.2709999978542328
2026-05-14,SMTK,yfinance,0.2649999856948852,0.2730000019073486,0.2000000029802322,0.2290000021457672,0.2290000021457672,752600,0.0,0.0,1.0,0.2649999856948852,0.2290000021457672
2026-05-15,SMTK,yfinance,0.2230000048875808,0.2419999986886978,0.202000007033348,0.2220000028610229,0.2220000028610229,391500,0.0,0.0,1.0,0.2230000048875808,0.2220000028610229
2026-05-18,SMTK,yfinance,0.2290000021457672,0.3030000030994415,0.2220000028610229,0.2759999930858612,0.2759999930858612,4025700,0.0,0.0,1.0,0.2290000021457672,0.2759999930858612
2026-05-19,SMTK,yfinance,0.2599999904632568,0.270000010728836,0.2440000027418136,0.2469999939203262,0.2469999939203262,407800,0.0,0.0,1.0,0.2599999904632568,0.2469999939203262
2026-05-20,SMTK,yfinance,0.257999986410141,0.2770000100135803,0.2450000047683715,0.2509999871253967,0.2509999871253967,377500,0.0,0.0,1.0,0.257999986410141,0.2509999871253967
2026-05-21,SMTK,yfinance,0.25,0.2660000026226043,0.231000006198883,0.2360000014305114,0.2360000014305114,145900,0.0,0.0,1.0,0.25,0.2360000014305114
2026-05-22,SMTK,yfinance,0.2460000067949295,0.2610000073909759,0.2339999973773956,0.2409999966621399,0.2409999966621399,259100,0.0,0.0,1.0,0.2460000067949295,0.2409999966621399
2026-05-26,SMTK,yfinance,0.2549999952316284,0.3100000023841858,0.2399999946355819,0.2989999949932098,0.2989999949932098,761000,0.0,0.0,1.0,0.2549999952316284,0.2989999949932098
2026-05-27,SMTK,yfinance,0.3050000071525574,0.3100000023841858,0.2599999904632568,0.2630000114440918,0.2630000114440918,544300,0.0,0.0,1.0,0.3050000071525574,0.2630000114440918
2026-05-28,SMTK,yfinance,0.2750000059604645,0.3109999895095825,0.2619999945163727,0.2910000085830688,0.2910000085830688,644400,0.0,0.0,1.0,0.2750000059604645,0.2910000085830688
2026-05-29,SMTK,yfinance,0.2989999949932098,0.3199999928474426,0.2899999916553497,0.3009999990463257,0.3009999990463257,631900,0.0,0.0,1.0,0.2989999949932098,0.3009999990463257
2026-06-01,SMTK,yfinance,0.3030000030994415,0.3389999866485595,0.2899999916553497,0.3120000064373016,0.3120000064373016,533500,0.0,0.0,1.0,0.3030000030994415,0.3120000064373016
2026-06-02,SMTK,yfinance,0.3219999969005584,0.3300000131130218,0.2809999883174896,0.2939999997615814,0.2939999997615814,608400,0.0,0.0,1.0,0.3219999969005584,0.2939999997615814
2026-06-03,SMTK,yfinance,0.3059999942779541,0.3100000023841858,0.2800000011920929,0.2870000004768371,0.2870000004768371,410100,0.0,0.0,1.0,0.3059999942779541,0.2870000004768371
2026-06-04,SMTK,yfinance,0.2800000011920929,0.3499999940395355,0.2750000059604645,0.3199999928474426,0.3199999928474426,34635100,0.0,0.0,1.0,0.2800000011920929,0.3199999928474426
2026-06-05,SMTK,yfinance,0.5929999947547913,0.6000000238418579,0.402999997138977,0.4090000092983246,0.4090000092983246,229496600,0.0,0.0,1.0,0.5929999947547913,0.4090000092983246
